customer_id,win_rate_30d,avg_stake,stake_cv,avg_odds,bet_timing_mins,round_stake_pct,market_concentration,account_age_days,withdrawal_deposit_ratio,max_bets_single_event,win_streak_max,unique_sports_count,bet_count_30d,deposit_round_pct,late_line_move_pct
BET-00000,0.698,18.69,0.07,3.99,2.5,0.387,0.382,6.0,0.926,3.0,3.0,1.0,119.0,0.508,0.321
BET-00001,0.438,74.16,1.025,3.28,83.6,0.565,0.248,1361.0,0.549,3.0,5.0,6.0,8.0,0.508,0.124
BET-00002,0.522,28.06,1.734,2.23,157.8,0.607,0.428,934.0,0.239,1.0,5.0,3.0,14.0,0.488,0.173
BET-00003,0.489,31.33,1.311,3.74,66.1,0.367,0.263,835.0,0.113,1.0,4.0,6.0,39.0,0.545,0.366
BET-00004,0.369,98.52,0.562,1.75,110.8,0.318,0.224,1345.0,0.488,1.0,4.0,5.0,48.0,0.654,0.273
BET-00005,0.545,65.01,1.639,3.82,57.6,0.476,0.399,731.0,0.451,2.0,4.0,3.0,47.0,0.421,0.114
BET-00006,0.502,139.06,1.085,3.27,104.3,0.61,0.462,1234.0,0.373,2.0,2.0,4.0,37.0,0.495,0.311
BET-00007,0.864,54.68,0.598,1.83,2.9,0.56,0.542,166.0,0.508,1.0,2.0,2.0,10.0,0.301,0.252
BET-00008,0.376,111.67,0.614,1.74,54.2,0.581,0.513,92.0,0.52,2.0,6.0,6.0,6.0,0.644,0.356
BET-00009,0.44,74.55,1.363,3.75,121.8,0.461,0.543,835.0,0.394,1.0,4.0,3.0,48.0,0.422,0.305
BET-00010,0.424,102.39,0.466,2.38,69.6,0.394,0.504,194.0,0.583,3.0,6.0,4.0,35.0,0.409,0.101
BET-00011,0.535,93.96,0.057,4.17,55.9,0.513,0.481,1467.0,0.46,3.0,4.0,2.0,208.0,0.699,0.162
BET-00012,0.479,76.19,0.596,3.79,169.5,0.382,0.204,98.0,0.438,3.0,3.0,4.0,14.0,0.534,0.177
BET-00013,0.515,143.01,1.018,3.59,36.5,0.59,0.45,14.0,0.852,1.0,4.0,4.0,27.0,0.349,0.311
BET-00014,0.87,57.98,0.98,2.34,2.7,0.379,0.248,433.0,0.101,3.0,5.0,3.0,56.0,0.406,0.253
BET-00015,0.395,34.81,1.131,3.63,112.2,0.417,0.223,1454.0,0.22,2.0,2.0,7.0,14.0,0.441,0.324
BET-00016,0.461,104.93,0.791,4.34,67.6,0.503,0.263,628.0,0.482,3.0,3.0,3.0,8.0,0.694,0.254
BET-00017,0.662,128.44,0.065,1.77,97.9,0.495,0.529,128.0,0.455,3.0,5.0,1.0,41.0,0.472,0.198
BET-00018,0.516,15.64,1.26,2.48,43.2,0.54,0.498,128.0,0.266,2.0,1.0,5.0,38.0,0.392,0.131
BET-00019,0.476,72.95,0.923,2.2,138.2,0.475,0.58,870.0,0.413,1.0,1.0,3.0,57.0,0.528,0.161
BET-00020,0.502,134.95,1.312,2.68,63.3,0.668,0.592,1481.0,0.198,3.0,1.0,4.0,55.0,0.462,0.22
BET-00021,0.815,114.95,0.552,3.73,4.9,0.636,0.557,1471.0,0.232,2.0,4.0,6.0,46.0,0.322,0.265
BET-00022,0.544,148.85,0.104,2.92,77.2,0.652,0.253,566.0,0.574,3.0,2.0,2.0,172.0,0.644,0.382
BET-00023,0.529,84.4,0.748,3.21,165.4,0.552,0.551,771.0,0.307,3.0,3.0,5.0,31.0,0.306,0.172
BET-00024,0.506,102.4,1.039,2.44,149.5,0.554,0.535,232.0,0.222,1.0,1.0,2.0,54.0,0.659,0.3
BET-00025,0.389,52.35,0.952,1.92,172.0,0.544,0.548,826.0,0.344,3.0,2.0,2.0,29.0,0.617,0.146
BET-00026,0.443,142.65,1.534,2.3,127.8,0.474,0.261,8.0,0.862,1.0,1.0,2.0,58.0,0.33,0.314
BET-00027,0.359,61.29,0.929,4.08,129.4,0.429,0.247,444.0,0.465,1.0,5.0,2.0,41.0,0.589,0.103
BET-00028,0.72,113.39,1.143,3.31,5.9,0.537,0.57,953.0,0.581,1.0,3.0,4.0,11.0,0.608,0.297
BET-00029,0.487,66.44,1.231,2.63,165.8,0.31,0.27,1359.0,0.396,3.0,2.0,7.0,33.0,0.541,0.149
BET-00030,0.499,88.65,0.431,3.87,106.6,0.303,0.347,91.0,0.396,1.0,4.0,7.0,43.0,0.531,0.154
BET-00031,0.544,110.77,1.121,1.69,83.3,0.641,0.382,413.0,0.282,3.0,6.0,2.0,9.0,0.32,0.268
BET-00032,0.415,81.25,0.883,2.26,126.1,0.319,0.25,386.0,0.382,1.0,5.0,7.0,24.0,0.324,0.213
BET-00033,0.424,136.99,0.031,2.19,111.9,0.51,0.208,265.0,0.26,2.0,6.0,5.0,183.0,0.591,0.241
BET-00034,0.699,68.7,0.14,4.46,48.6,0.546,0.598,324.0,0.101,1.0,3.0,1.0,14.0,0.342,0.193
BET-00035,0.741,100.59,1.496,3.62,7.3,0.379,0.551,973.0,0.533,2.0,3.0,6.0,24.0,0.397,0.386
BET-00036,0.376,57.93,1.719,3.35,77.0,0.658,0.565,235.0,0.315,2.0,2.0,4.0,43.0,0.5,0.187
BET-00037,0.445,67.14,0.431,1.51,157.0,0.376,0.314,1131.0,0.346,3.0,2.0,3.0,48.0,0.366,0.263
BET-00038,0.395,71.61,1.242,2.05,86.8,0.654,0.288,1341.0,0.142,3.0,6.0,5.0,34.0,0.616,0.356
BET-00039,0.484,27.61,1.469,3.41,153.2,0.605,0.37,16.0,0.893,3.0,1.0,6.0,58.0,0.623,0.299
BET-00040,0.437,22.84,0.799,2.64,96.4,0.396,0.381,1021.0,0.185,2.0,6.0,6.0,56.0,0.637,0.197
BET-00041,0.517,103.45,1.503,4.27,143.0,0.36,0.202,368.0,0.305,1.0,6.0,3.0,31.0,0.32,0.266
BET-00042,0.85,101.77,1.285,3.79,7.2,0.426,0.512,210.0,0.52,1.0,6.0,7.0,14.0,0.471,0.125
BET-00043,0.412,102.81,1.701,2.84,168.7,0.459,0.599,417.0,0.329,3.0,4.0,3.0,48.0,0.639,0.264
BET-00044,0.516,12.77,0.046,3.75,102.1,0.398,0.411,1446.0,0.566,2.0,6.0,6.0,233.0,0.445,0.229
BET-00045,0.511,55.72,0.459,4.43,69.0,0.7,0.355,1447.0,0.205,3.0,1.0,3.0,51.0,0.578,0.327
BET-00046,0.427,37.69,1.023,2.88,66.2,0.392,0.357,629.0,0.458,2.0,5.0,2.0,37.0,0.536,0.354
BET-00047,0.408,118.94,1.166,3.43,69.8,0.632,0.238,549.0,0.589,2.0,4.0,7.0,27.0,0.439,0.16
BET-00048,0.486,130.49,0.605,4.26,85.0,0.364,0.306,809.0,0.375,3.0,6.0,5.0,36.0,0.411,0.124
BET-00049,0.722,44.54,0.871,2.25,7.8,0.692,0.401,501.0,0.446,3.0,1.0,3.0,34.0,0.561,0.217
BET-00050,0.39,103.5,1.783,4.16,172.4,0.39,0.373,1471.0,0.297,1.0,6.0,2.0,56.0,0.353,0.26
BET-00051,0.647,28.11,0.075,1.79,130.4,0.469,0.418,402.0,0.476,2.0,4.0,1.0,17.0,0.644,0.213
BET-00052,0.507,48.52,1.034,3.45,112.1,0.523,0.54,5.0,0.949,1.0,1.0,3.0,56.0,0.531,0.289
BET-00053,0.483,29.41,1.58,3.85,97.3,0.348,0.29,695.0,0.452,3.0,4.0,7.0,7.0,0.345,0.252
BET-00054,0.491,49.69,0.853,3.34,154.2,0.627,0.211,266.0,0.568,1.0,1.0,3.0,47.0,0.581,0.381
BET-00055,0.506,104.46,0.118,2.99,157.4,0.41,0.215,630.0,0.394,3.0,1.0,2.0,130.0,0.472,0.223
BET-00056,0.765,137.45,1.769,3.35,2.2,0.52,0.254,1298.0,0.389,3.0,4.0,7.0,27.0,0.382,0.125
BET-00057,0.464,38.35,1.065,1.95,173.0,0.52,0.428,288.0,0.252,1.0,5.0,7.0,9.0,0.684,0.191
BET-00058,0.378,85.89,0.583,2.15,89.3,0.541,0.523,913.0,0.455,2.0,1.0,3.0,49.0,0.588,0.282
BET-00059,0.373,108.19,0.472,2.31,150.0,0.322,0.555,663.0,0.541,1.0,2.0,5.0,51.0,0.537,0.177
BET-00060,0.484,143.41,1.724,3.29,175.0,0.367,0.454,330.0,0.423,2.0,3.0,5.0,23.0,0.64,0.181
BET-00061,0.444,95.41,0.772,2.83,135.5,0.364,0.361,107.0,0.217,2.0,4.0,5.0,34.0,0.518,0.202
BET-00062,0.463,45.71,1.106,2.23,54.2,0.421,0.262,475.0,0.372,2.0,1.0,3.0,50.0,0.477,0.324
BET-00063,0.731,97.57,0.527,4.15,6.3,0.358,0.361,177.0,0.478,3.0,4.0,6.0,16.0,0.376,0.382
BET-00064,0.477,54.87,0.993,2.62,47.8,0.669,0.333,621.0,0.57,2.0,3.0,7.0,40.0,0.361,0.205
BET-00065,0.461,146.66,1.702,2.84,148.4,0.505,0.548,4.0,0.975,2.0,6.0,6.0,29.0,0.473,0.159
BET-00066,0.462,65.95,0.113,2.73,72.2,0.549,0.395,1105.0,0.164,1.0,2.0,7.0,100.0,0.482,0.226
BET-00067,0.411,105.96,1.76,2.05,134.3,0.443,0.29,1426.0,0.306,3.0,3.0,2.0,51.0,0.593,0.206
BET-00068,0.719,13.25,0.129,3.69,166.5,0.41,0.316,692.0,0.163,1.0,1.0,2.0,23.0,0.477,0.397
BET-00069,0.437,66.01,1.106,2.85,57.2,0.501,0.255,1088.0,0.59,2.0,6.0,7.0,56.0,0.537,0.239
BET-00070,0.843,132.52,1.603,1.55,0.2,0.418,0.567,1028.0,0.312,1.0,6.0,5.0,36.0,0.633,0.304
BET-00071,0.432,95.43,1.028,4.39,127.1,0.437,0.22,396.0,0.367,1.0,3.0,7.0,33.0,0.697,0.374
BET-00072,0.521,72.15,0.791,3.95,92.9,0.481,0.205,518.0,0.214,2.0,3.0,4.0,28.0,0.429,0.289
BET-00073,0.397,141.03,1.598,3.67,56.2,0.502,0.273,837.0,0.325,3.0,6.0,7.0,27.0,0.661,0.175
BET-00074,0.362,129.56,0.946,4.11,34.4,0.694,0.524,1213.0,0.592,1.0,2.0,7.0,50.0,0.622,0.282
BET-00075,0.406,55.11,1.143,4.22,91.0,0.389,0.409,741.0,0.344,2.0,2.0,5.0,42.0,0.327,0.221
BET-00076,0.409,86.24,1.767,2.51,127.4,0.495,0.45,411.0,0.104,3.0,2.0,6.0,48.0,0.434,0.227
BET-00077,0.714,78.58,0.058,3.33,6.4,0.36,0.343,1491.0,0.221,2.0,5.0,5.0,194.0,0.388,0.394
BET-00078,0.461,98.51,0.822,3.33,53.4,0.44,0.227,19.0,0.888,1.0,2.0,3.0,19.0,0.566,0.184
BET-00079,0.507,56.78,0.443,2.3,97.6,0.587,0.542,1438.0,0.595,1.0,1.0,5.0,10.0,0.522,0.241
BET-00080,0.483,44.19,0.949,2.17,85.4,0.37,0.277,1231.0,0.205,3.0,1.0,7.0,48.0,0.498,0.148
BET-00081,0.431,137.77,0.68,1.84,71.1,0.533,0.213,1273.0,0.408,1.0,6.0,2.0,28.0,0.605,0.154
BET-00082,0.513,139.34,1.352,3.48,139.4,0.467,0.429,1211.0,0.138,1.0,6.0,3.0,33.0,0.433,0.281
BET-00083,0.383,128.07,0.654,3.84,76.4,0.321,0.233,384.0,0.389,1.0,6.0,4.0,31.0,0.453,0.325
BET-00084,0.729,146.95,1.345,3.78,3.1,0.673,0.238,982.0,0.163,3.0,2.0,4.0,29.0,0.646,0.291
BET-00085,0.653,114.3,0.181,2.45,168.5,0.465,0.52,1157.0,0.509,2.0,3.0,2.0,43.0,0.689,0.199
BET-00086,0.494,117.05,0.897,2.12,110.9,0.614,0.397,1141.0,0.57,3.0,3.0,4.0,38.0,0.611,0.118
BET-00087,0.442,116.76,0.888,2.86,122.6,0.467,0.297,473.0,0.186,2.0,4.0,5.0,58.0,0.387,0.241
BET-00088,0.382,77.29,0.026,3.14,41.0,0.675,0.339,345.0,0.331,1.0,1.0,2.0,243.0,0.345,0.251
BET-00089,0.45,73.9,1.053,4.26,56.7,0.416,0.492,553.0,0.151,1.0,4.0,3.0,37.0,0.384,0.331
BET-00090,0.38,43.63,0.906,4.12,45.1,0.465,0.227,767.0,0.27,1.0,1.0,6.0,8.0,0.469,0.292
BET-00091,0.836,100.27,1.594,4.25,4.3,0.604,0.247,21.0,0.886,1.0,2.0,4.0,49.0,0.395,0.361
BET-00092,0.439,50.5,1.201,4.05,155.4,0.437,0.447,1270.0,0.232,2.0,2.0,6.0,39.0,0.66,0.335
BET-00093,0.426,46.09,0.699,4.39,58.0,0.446,0.443,1174.0,0.595,1.0,5.0,5.0,29.0,0.568,0.21
BET-00094,0.41,92.03,1.66,2.9,62.9,0.698,0.589,1043.0,0.122,1.0,6.0,3.0,49.0,0.467,0.29
BET-00095,0.476,67.4,0.88,1.64,78.5,0.522,0.35,462.0,0.529,2.0,5.0,4.0,30.0,0.41,0.324
BET-00096,0.422,40.64,0.455,1.75,118.7,0.576,0.226,765.0,0.139,2.0,3.0,7.0,18.0,0.452,0.387
BET-00097,0.368,124.25,1.092,2.67,123.3,0.557,0.415,563.0,0.364,3.0,4.0,7.0,31.0,0.49,0.227
BET-00098,0.897,130.48,0.574,2.27,6.9,0.631,0.455,421.0,0.326,2.0,4.0,2.0,9.0,0.586,0.294
BET-00099,0.542,33.48,0.048,2.01,165.8,0.645,0.256,104.0,0.566,2.0,1.0,6.0,143.0,0.336,0.218
BET-00100,0.532,11.05,1.446,4.36,74.3,0.525,0.421,569.0,0.2,2.0,6.0,4.0,45.0,0.64,0.321
BET-00101,0.49,57.06,0.583,2.09,128.8,0.418,0.279,451.0,0.19,1.0,6.0,2.0,47.0,0.351,0.374
BET-00102,0.686,121.65,0.091,4.38,114.0,0.309,0.538,896.0,0.474,2.0,2.0,1.0,53.0,0.405,0.376
BET-00103,0.544,127.48,1.712,3.78,75.9,0.546,0.534,178.0,0.463,2.0,1.0,2.0,49.0,0.697,0.147
BET-00104,0.506,29.37,1.249,3.42,166.1,0.63,0.372,14.0,0.975,1.0,1.0,3.0,29.0,0.376,0.161
BET-00105,0.794,118.41,1.395,3.53,6.3,0.48,0.587,153.0,0.113,3.0,4.0,6.0,12.0,0.34,0.326
BET-00106,0.44,26.2,1.399,2.49,136.8,0.366,0.592,994.0,0.23,2.0,1.0,6.0,26.0,0.555,0.289
BET-00107,0.404,64.61,1.79,3.44,139.2,0.415,0.252,891.0,0.52,3.0,1.0,4.0,56.0,0.457,0.372
BET-00108,0.369,149.81,0.878,2.06,167.3,0.504,0.347,566.0,0.4,1.0,4.0,6.0,57.0,0.337,0.194
BET-00109,0.531,36.96,0.628,4.31,107.8,0.635,0.44,298.0,0.401,3.0,1.0,7.0,47.0,0.301,0.354
BET-00110,0.441,31.55,0.086,2.41,78.2,0.369,0.234,1441.0,0.248,2.0,1.0,4.0,168.0,0.332,0.305
BET-00111,0.39,69.19,1.147,2.27,154.2,0.545,0.353,914.0,0.23,3.0,1.0,3.0,16.0,0.509,0.159
BET-00112,0.708,96.75,0.649,3.63,5.3,0.601,0.304,1048.0,0.573,2.0,5.0,5.0,53.0,0.392,0.138
BET-00113,0.466,140.61,1.258,3.47,105.0,0.674,0.581,839.0,0.464,2.0,3.0,2.0,13.0,0.611,0.311
BET-00114,0.385,147.31,0.42,2.85,145.2,0.347,0.365,1227.0,0.163,1.0,2.0,7.0,37.0,0.643,0.148
BET-00115,0.521,19.75,1.699,3.4,70.2,0.671,0.505,1354.0,0.569,3.0,4.0,4.0,26.0,0.358,0.338
BET-00116,0.502,29.32,0.77,1.98,118.4,0.541,0.355,630.0,0.391,1.0,2.0,6.0,22.0,0.435,0.267
BET-00117,0.494,120.7,0.455,3.52,159.8,0.607,0.253,17.0,0.84,1.0,4.0,6.0,42.0,0.359,0.243
BET-00118,0.436,47.89,0.552,2.31,77.7,0.322,0.545,414.0,0.299,2.0,3.0,4.0,58.0,0.415,0.183
BET-00119,0.702,133.88,0.099,2.32,3.7,0.502,0.2,1009.0,0.463,3.0,5.0,2.0,48.0,0.396,0.395
BET-00120,0.467,102.88,0.783,1.99,172.7,0.549,0.222,653.0,0.288,3.0,4.0,6.0,32.0,0.615,0.317
BET-00121,0.48,25.66,0.054,2.5,149.7,0.423,0.346,100.0,0.389,3.0,5.0,7.0,186.0,0.438,0.333
BET-00122,0.367,126.55,0.791,2.49,163.1,0.473,0.475,1437.0,0.455,2.0,2.0,2.0,55.0,0.498,0.331
BET-00123,0.433,34.69,0.67,2.86,87.8,0.522,0.337,1315.0,0.198,3.0,1.0,4.0,37.0,0.57,0.275
BET-00124,0.358,69.29,0.93,2.07,179.5,0.521,0.227,500.0,0.572,2.0,4.0,7.0,32.0,0.629,0.382
BET-00125,0.449,87.31,0.939,2.08,52.9,0.317,0.327,1497.0,0.278,2.0,1.0,6.0,43.0,0.42,0.275
BET-00126,0.824,80.11,0.875,3.13,0.4,0.476,0.298,537.0,0.31,1.0,3.0,4.0,18.0,0.384,0.256
BET-00127,0.379,106.06,0.859,1.89,101.9,0.386,0.202,737.0,0.449,3.0,4.0,2.0,9.0,0.691,0.182
BET-00128,0.371,101.38,0.526,3.57,149.8,0.667,0.414,1290.0,0.404,1.0,5.0,3.0,52.0,0.428,0.185
BET-00129,0.468,148.89,0.435,4.33,166.3,0.691,0.247,519.0,0.32,1.0,4.0,5.0,38.0,0.568,0.321
BET-00130,0.384,149.92,0.683,2.78,139.7,0.42,0.315,12.0,0.856,2.0,6.0,5.0,14.0,0.571,0.2
BET-00131,0.535,82.3,1.459,4.2,124.0,0.37,0.456,1028.0,0.551,2.0,4.0,7.0,21.0,0.506,0.319
BET-00132,0.466,23.33,0.04,1.79,94.1,0.388,0.49,274.0,0.5,1.0,3.0,2.0,191.0,0.391,0.386
BET-00133,0.702,111.9,1.7,1.63,7.8,0.491,0.305,686.0,0.512,2.0,2.0,4.0,40.0,0.357,0.232
BET-00134,0.468,146.73,1.106,3.66,106.4,0.65,0.332,526.0,0.229,1.0,5.0,3.0,40.0,0.495,0.129
BET-00135,0.355,54.57,1.145,3.78,33.1,0.5,0.299,1044.0,0.31,2.0,5.0,7.0,9.0,0.504,0.3
BET-00136,0.65,74.57,0.109,4.03,105.5,0.322,0.583,282.0,0.377,3.0,2.0,2.0,58.0,0.609,0.103
BET-00137,0.446,69.47,1.484,1.67,158.4,0.316,0.276,418.0,0.122,3.0,1.0,3.0,54.0,0.584,0.336
BET-00138,0.507,17.2,1.471,3.83,136.4,0.391,0.273,1093.0,0.485,1.0,1.0,3.0,35.0,0.665,0.258
BET-00139,0.367,104.12,1.582,2.63,149.4,0.637,0.378,310.0,0.262,2.0,4.0,2.0,22.0,0.688,0.247
BET-00140,0.797,59.47,1.654,2.41,4.9,0.549,0.276,685.0,0.241,2.0,4.0,5.0,43.0,0.591,0.271
BET-00141,0.448,120.24,1.008,2.02,109.3,0.525,0.263,1095.0,0.23,1.0,1.0,5.0,51.0,0.331,0.255
BET-00142,0.538,126.5,1.474,4.49,35.0,0.428,0.238,1169.0,0.242,1.0,1.0,5.0,48.0,0.462,0.197
BET-00143,0.464,124.97,0.09,1.69,87.4,0.672,0.456,6.0,0.833,1.0,4.0,7.0,228.0,0.544,0.184
BET-00144,0.445,68.33,0.832,3.98,101.2,0.432,0.445,1291.0,0.402,3.0,3.0,4.0,40.0,0.536,0.225
BET-00145,0.403,55.02,1.701,3.42,68.3,0.634,0.46,1111.0,0.392,2.0,3.0,3.0,23.0,0.373,0.368
BET-00146,0.416,114.83,0.532,3.71,34.7,0.658,0.509,568.0,0.228,1.0,2.0,4.0,32.0,0.533,0.141
BET-00147,0.899,122.19,1.792,3.64,0.1,0.493,0.331,1167.0,0.203,3.0,5.0,6.0,50.0,0.44,0.197
BET-00148,0.438,78.78,1.478,4.08,95.3,0.658,0.567,1117.0,0.513,1.0,5.0,5.0,20.0,0.436,0.158
BET-00149,0.354,135.02,0.531,2.05,92.4,0.411,0.493,937.0,0.146,3.0,1.0,3.0,18.0,0.634,0.228
BET-00150,0.515,30.15,1.319,1.5,67.5,0.563,0.522,877.0,0.356,2.0,1.0,6.0,45.0,0.469,0.14
BET-00151,0.529,133.07,0.448,3.3,110.7,0.335,0.488,1126.0,0.36,1.0,4.0,6.0,29.0,0.511,0.328
BET-00152,0.378,23.45,1.478,2.56,95.7,0.49,0.343,1499.0,0.387,2.0,4.0,3.0,50.0,0.525,0.131
BET-00153,0.681,31.49,0.156,1.87,101.1,0.387,0.313,906.0,0.543,3.0,1.0,2.0,13.0,0.525,0.3
BET-00154,0.811,84.74,0.119,2.06,6.3,0.325,0.369,1230.0,0.412,2.0,1.0,5.0,88.0,0.385,0.18
BET-00155,0.484,19.45,1.6,2.5,30.9,0.301,0.239,1139.0,0.587,3.0,5.0,3.0,20.0,0.54,0.242
BET-00156,0.406,17.39,0.537,1.71,166.2,0.43,0.381,17.0,0.935,3.0,3.0,2.0,43.0,0.434,0.16
BET-00157,0.482,10.07,0.786,1.67,40.7,0.536,0.217,1436.0,0.207,1.0,1.0,6.0,47.0,0.562,0.319
BET-00158,0.495,71.08,0.98,4.25,97.6,0.482,0.202,362.0,0.221,3.0,4.0,5.0,30.0,0.358,0.384
BET-00159,0.504,118.45,0.459,2.44,61.1,0.421,0.573,323.0,0.272,2.0,1.0,6.0,31.0,0.698,0.167
BET-00160,0.372,14.88,1.028,4.45,108.6,0.696,0.476,917.0,0.296,3.0,2.0,4.0,12.0,0.609,0.386
BET-00161,0.761,101.32,0.771,4.39,7.1,0.676,0.425,724.0,0.376,2.0,5.0,5.0,44.0,0.467,0.198
BET-00162,0.396,125.24,0.95,1.93,159.0,0.35,0.336,895.0,0.216,2.0,2.0,7.0,60.0,0.421,0.267
BET-00163,0.357,33.52,0.995,3.64,89.5,0.466,0.428,1215.0,0.211,2.0,1.0,3.0,48.0,0.455,0.31
BET-00164,0.461,30.56,1.631,3.3,125.8,0.56,0.557,1404.0,0.291,3.0,6.0,5.0,17.0,0.588,0.16
BET-00165,0.424,130.51,0.066,3.57,67.3,0.593,0.461,679.0,0.436,1.0,2.0,2.0,108.0,0.562,0.233
BET-00166,0.516,125.24,1.651,1.79,32.9,0.447,0.441,1102.0,0.444,3.0,4.0,2.0,21.0,0.581,0.12
BET-00167,0.512,85.45,0.996,2.07,90.6,0.599,0.384,367.0,0.588,1.0,5.0,7.0,7.0,0.656,0.309
BET-00168,0.871,124.69,0.859,1.73,7.5,0.35,0.338,844.0,0.201,3.0,6.0,2.0,15.0,0.483,0.225
BET-00169,0.541,22.99,1.104,3.31,98.9,0.433,0.479,5.0,0.94,1.0,5.0,5.0,11.0,0.568,0.367
BET-00170,0.621,65.23,0.082,4.46,174.3,0.587,0.592,800.0,0.582,1.0,3.0,1.0,16.0,0.477,0.182
BET-00171,0.453,113.29,0.76,3.52,136.0,0.55,0.37,859.0,0.445,1.0,6.0,6.0,49.0,0.555,0.377
BET-00172,0.401,46.04,1.104,3.63,179.4,0.635,0.357,1127.0,0.396,2.0,1.0,5.0,21.0,0.49,0.142
BET-00173,0.537,115.33,0.613,4.45,74.3,0.319,0.371,1006.0,0.37,1.0,2.0,6.0,47.0,0.611,0.282
BET-00174,0.383,80.59,0.893,3.53,148.4,0.37,0.37,595.0,0.138,2.0,2.0,7.0,57.0,0.302,0.192
BET-00175,0.871,115.04,1.192,1.62,1.1,0.319,0.596,98.0,0.547,3.0,4.0,6.0,37.0,0.386,0.155
BET-00176,0.437,75.06,0.033,4.1,121.8,0.377,0.483,253.0,0.413,1.0,6.0,6.0,206.0,0.419,0.128
BET-00177,0.548,61.51,1.553,2.59,177.9,0.302,0.344,1462.0,0.386,2.0,5.0,2.0,46.0,0.678,0.297
BET-00178,0.528,40.69,0.759,1.51,128.1,0.502,0.349,1390.0,0.37,3.0,6.0,3.0,10.0,0.503,0.17
BET-00179,0.5,39.17,1.758,3.02,164.8,0.511,0.372,548.0,0.296,2.0,1.0,4.0,29.0,0.446,0.272
BET-00180,0.528,115.21,1.499,4.31,138.9,0.563,0.215,455.0,0.227,3.0,5.0,5.0,32.0,0.462,0.394
BET-00181,0.529,26.65,1.755,2.27,49.1,0.454,0.411,705.0,0.478,2.0,5.0,6.0,51.0,0.481,0.195
BET-00182,0.781,22.04,1.573,2.97,1.2,0.301,0.525,8.0,0.947,1.0,3.0,6.0,50.0,0.647,0.11
BET-00183,0.413,34.68,0.599,2.02,102.6,0.57,0.464,593.0,0.117,2.0,1.0,2.0,52.0,0.685,0.143
BET-00184,0.504,34.55,1.137,1.67,167.8,0.322,0.279,185.0,0.3,2.0,1.0,3.0,43.0,0.638,0.136
BET-00185,0.482,125.24,0.638,1.74,151.0,0.646,0.491,658.0,0.564,1.0,6.0,2.0,34.0,0.637,0.239
BET-00186,0.425,65.79,1.546,3.68,45.6,0.309,0.488,457.0,0.287,3.0,2.0,5.0,51.0,0.38,0.323
BET-00187,0.666,148.65,0.065,4.09,50.1,0.512,0.305,548.0,0.307,1.0,4.0,1.0,209.0,0.407,0.189
BET-00188,0.499,29.21,0.769,1.93,40.4,0.658,0.449,320.0,0.412,1.0,6.0,2.0,31.0,0.538,0.144
BET-00189,0.859,101.5,1.701,2.36,2.1,0.529,0.444,1019.0,0.501,1.0,3.0,7.0,59.0,0.562,0.292
BET-00190,0.537,72.82,0.561,2.09,42.1,0.543,0.536,833.0,0.434,3.0,2.0,3.0,53.0,0.381,0.19
BET-00191,0.398,65.01,1.189,1.58,138.6,0.573,0.254,472.0,0.525,2.0,3.0,5.0,33.0,0.599,0.273
BET-00192,0.375,132.51,1.409,3.16,112.9,0.349,0.278,871.0,0.157,3.0,2.0,6.0,9.0,0.38,0.38
BET-00193,0.516,146.58,0.482,3.6,155.4,0.57,0.394,785.0,0.562,2.0,2.0,2.0,17.0,0.405,0.187
BET-00194,0.381,132.2,1.237,3.44,72.0,0.652,0.218,1212.0,0.552,1.0,5.0,7.0,48.0,0.423,0.254
BET-00195,0.386,36.92,1.542,2.66,107.9,0.69,0.366,7.0,0.881,2.0,3.0,7.0,11.0,0.638,0.342
BET-00196,0.767,40.91,0.495,3.17,1.5,0.477,0.515,274.0,0.412,1.0,5.0,7.0,31.0,0.593,0.308
BET-00197,0.525,101.85,1.117,1.78,162.7,0.438,0.259,1336.0,0.206,2.0,5.0,2.0,38.0,0.512,0.325
BET-00198,0.389,50.47,0.115,1.96,56.3,0.601,0.384,1084.0,0.324,1.0,4.0,4.0,162.0,0.628,0.332
BET-00199,0.412,112.86,1.328,4.3,45.4,0.517,0.596,1067.0,0.201,3.0,4.0,3.0,52.0,0.625,0.262
BET-00200,0.505,89.3,0.566,3.78,60.8,0.403,0.402,618.0,0.111,2.0,2.0,4.0,47.0,0.456,0.261
BET-00201,0.544,87.13,1.712,4.27,150.9,0.369,0.399,575.0,0.59,1.0,4.0,7.0,27.0,0.613,0.316
BET-00202,0.45,126.0,1.653,4.25,45.9,0.368,0.424,98.0,0.23,3.0,5.0,6.0,13.0,0.382,0.309
BET-00203,0.822,109.47,0.66,3.45,1.0,0.484,0.274,1475.0,0.397,2.0,2.0,6.0,42.0,0.501,0.301
BET-00204,0.676,13.72,0.142,4.28,141.9,0.368,0.259,945.0,0.25,1.0,2.0,2.0,15.0,0.347,0.215
BET-00205,0.396,16.92,1.223,2.75,142.7,0.308,0.471,657.0,0.285,2.0,5.0,7.0,36.0,0.471,0.349
BET-00206,0.376,94.22,1.405,1.51,58.5,0.321,0.358,857.0,0.299,1.0,6.0,7.0,59.0,0.508,0.171
BET-00207,0.486,78.07,1.02,1.69,39.2,0.672,0.316,147.0,0.268,3.0,3.0,6.0,35.0,0.332,0.147
BET-00208,0.374,46.43,0.619,1.83,97.3,0.329,0.213,12.0,0.945,2.0,5.0,6.0,41.0,0.485,0.204
BET-00209,0.451,68.61,0.05,1.79,60.4,0.329,0.538,969.0,0.58,3.0,2.0,5.0,178.0,0.561,0.176
BET-00210,0.885,116.11,1.8,2.56,5.0,0.48,0.213,815.0,0.314,3.0,4.0,2.0,51.0,0.546,0.299
BET-00211,0.466,125.73,1.037,3.6,83.5,0.398,0.5,1200.0,0.587,3.0,6.0,3.0,29.0,0.322,0.169
BET-00212,0.39,88.57,1.622,3.87,97.4,0.685,0.353,1019.0,0.434,2.0,3.0,6.0,32.0,0.338,0.297
BET-00213,0.511,63.95,1.075,3.27,47.0,0.664,0.439,938.0,0.404,1.0,4.0,3.0,15.0,0.441,0.254
BET-00214,0.493,47.9,1.691,1.94,115.1,0.462,0.299,1240.0,0.219,2.0,1.0,3.0,39.0,0.637,0.146
BET-00215,0.498,83.07,0.523,3.74,57.8,0.479,0.262,186.0,0.131,2.0,4.0,7.0,21.0,0.648,0.178
BET-00216,0.376,54.06,0.56,2.56,131.8,0.45,0.413,1064.0,0.526,1.0,4.0,4.0,33.0,0.424,0.257
BET-00217,0.842,88.97,1.701,1.54,7.0,0.315,0.478,1099.0,0.387,3.0,6.0,7.0,47.0,0.588,0.32
BET-00218,0.536,104.73,1.726,2.34,176.4,0.417,0.278,478.0,0.307,3.0,2.0,3.0,6.0,0.531,0.219
BET-00219,0.43,19.25,0.841,2.49,132.7,0.349,0.375,366.0,0.506,2.0,3.0,4.0,36.0,0.693,0.17
BET-00220,0.41,10.15,0.113,2.32,57.3,0.341,0.378,392.0,0.255,3.0,4.0,4.0,115.0,0.338,0.189
BET-00221,0.669,39.72,0.199,3.94,32.1,0.524,0.286,7.0,0.908,3.0,6.0,2.0,20.0,0.519,0.129
BET-00222,0.483,135.23,0.983,3.78,80.2,0.34,0.426,829.0,0.264,1.0,2.0,4.0,7.0,0.537,0.108
BET-00223,0.541,100.48,0.666,3.59,52.9,0.341,0.258,281.0,0.56,2.0,5.0,3.0,14.0,0.423,0.392
BET-00224,0.766,34.07,1.658,1.92,4.3,0.492,0.404,1020.0,0.234,3.0,6.0,6.0,59.0,0.319,0.129
BET-00225,0.535,134.64,0.755,3.92,160.9,0.477,0.245,238.0,0.169,2.0,4.0,3.0,60.0,0.321,0.137
BET-00226,0.355,75.79,1.387,3.53,120.5,0.355,0.394,128.0,0.449,3.0,3.0,4.0,45.0,0.481,0.361
BET-00227,0.461,76.65,0.494,2.08,56.5,0.302,0.325,540.0,0.181,2.0,2.0,7.0,39.0,0.577,0.299
BET-00228,0.477,140.98,0.454,3.44,113.5,0.377,0.381,361.0,0.575,1.0,2.0,4.0,48.0,0.58,0.231
BET-00229,0.371,18.33,1.315,2.95,68.4,0.394,0.373,1484.0,0.428,2.0,1.0,2.0,54.0,0.372,0.295
BET-00230,0.378,40.12,0.875,2.82,176.4,0.62,0.563,517.0,0.215,2.0,1.0,2.0,34.0,0.643,0.38
BET-00231,0.713,92.01,0.035,1.84,1.4,0.666,0.396,403.0,0.204,3.0,3.0,4.0,85.0,0.451,0.13
BET-00232,0.543,37.37,0.532,3.05,139.8,0.462,0.527,367.0,0.562,1.0,1.0,5.0,44.0,0.686,0.173
BET-00233,0.469,105.13,1.73,1.8,145.9,0.462,0.29,617.0,0.404,1.0,1.0,7.0,59.0,0.347,0.358
BET-00234,0.537,39.97,1.448,1.99,40.1,0.585,0.341,19.0,0.872,1.0,5.0,2.0,19.0,0.635,0.334
BET-00235,0.511,23.88,1.627,1.9,55.8,0.551,0.23,1193.0,0.155,2.0,1.0,5.0,30.0,0.663,0.398
BET-00236,0.443,38.98,0.591,4.36,87.6,0.374,0.368,604.0,0.563,3.0,1.0,3.0,25.0,0.629,0.194
BET-00237,0.507,69.18,0.848,2.35,160.2,0.343,0.467,973.0,0.36,2.0,4.0,4.0,26.0,0.624,0.383
BET-00238,0.659,34.66,0.099,2.57,4.1,0.475,0.535,770.0,0.434,3.0,6.0,1.0,45.0,0.445,0.203
BET-00239,0.372,28.86,1.152,2.47,128.3,0.526,0.426,1284.0,0.286,3.0,5.0,3.0,26.0,0.585,0.315
BET-00240,0.516,130.44,0.816,4.19,147.5,0.355,0.456,892.0,0.13,2.0,1.0,2.0,57.0,0.532,0.365
BET-00241,0.509,54.86,0.485,3.19,154.2,0.417,0.271,499.0,0.579,2.0,2.0,2.0,48.0,0.47,0.151
BET-00242,0.397,60.51,0.02,4.26,101.4,0.422,0.215,1082.0,0.597,1.0,5.0,5.0,197.0,0.697,0.162
BET-00243,0.456,17.74,0.756,2.4,106.3,0.405,0.517,1246.0,0.282,3.0,5.0,3.0,50.0,0.416,0.274
BET-00244,0.471,60.03,0.94,1.84,137.7,0.484,0.267,746.0,0.572,3.0,3.0,3.0,48.0,0.465,0.353
BET-00245,0.722,47.07,0.676,3.17,1.8,0.561,0.236,1482.0,0.184,3.0,6.0,2.0,33.0,0.661,0.124
BET-00246,0.471,95.47,0.767,2.54,158.2,0.504,0.575,1330.0,0.177,3.0,6.0,2.0,32.0,0.416,0.355
BET-00247,0.433,38.75,1.278,3.91,33.1,0.381,0.585,7.0,0.873,2.0,5.0,2.0,51.0,0.361,0.203
BET-00248,0.425,134.37,0.943,4.14,59.4,0.341,0.447,1199.0,0.296,1.0,5.0,4.0,28.0,0.424,0.222
BET-00249,0.435,140.15,0.884,2.92,150.0,0.629,0.351,937.0,0.126,3.0,5.0,2.0,14.0,0.604,0.202
BET-00250,0.48,23.98,1.147,4.41,81.0,0.492,0.533,844.0,0.297,2.0,1.0,3.0,22.0,0.644,0.373
BET-00251,0.523,25.04,1.481,3.16,52.5,0.325,0.282,815.0,0.169,3.0,5.0,3.0,20.0,0.346,0.139
BET-00252,0.732,26.15,0.93,2.31,2.8,0.403,0.372,1293.0,0.465,3.0,6.0,3.0,42.0,0.549,0.272
BET-00253,0.4,96.74,0.044,2.97,109.6,0.622,0.343,951.0,0.517,1.0,2.0,2.0,90.0,0.527,0.144
BET-00254,0.397,27.08,1.753,1.61,156.9,0.601,0.565,848.0,0.444,2.0,1.0,2.0,40.0,0.568,0.379
BET-00255,0.651,129.33,0.181,3.91,40.6,0.65,0.568,159.0,0.2,2.0,3.0,1.0,31.0,0.568,0.339
BET-00256,0.513,115.6,1.674,1.8,34.6,0.541,0.46,722.0,0.483,2.0,2.0,6.0,51.0,0.684,0.17
BET-00257,0.371,124.77,1.511,2.43,99.8,0.469,0.244,1370.0,0.225,1.0,6.0,2.0,32.0,0.439,0.189
BET-00258,0.363,83.65,0.482,3.2,173.4,0.471,0.393,1094.0,0.48,1.0,3.0,3.0,56.0,0.42,0.214
BET-00259,0.719,149.53,1.001,1.63,4.2,0.378,0.298,162.0,0.384,2.0,4.0,4.0,55.0,0.532,0.222
BET-00260,0.379,16.18,1.378,1.74,173.9,0.56,0.554,6.0,0.944,1.0,6.0,7.0,15.0,0.472,0.345
BET-00261,0.515,66.18,1.781,3.59,163.2,0.534,0.255,1256.0,0.142,1.0,5.0,7.0,43.0,0.49,0.269
BET-00262,0.412,55.35,1.042,1.72,72.5,0.362,0.222,861.0,0.514,1.0,5.0,6.0,17.0,0.328,0.228
BET-00263,0.379,142.81,0.53,2.93,152.5,0.654,0.482,122.0,0.57,3.0,6.0,2.0,50.0,0.359,0.316
BET-00264,0.534,90.76,0.026,2.52,132.9,0.447,0.381,883.0,0.433,1.0,5.0,4.0,159.0,0.674,0.237
BET-00265,0.383,122.87,0.577,2.18,106.8,0.32,0.535,167.0,0.582,2.0,2.0,4.0,21.0,0.327,0.138
BET-00266,0.889,33.85,1.452,2.07,1.3,0.431,0.23,542.0,0.567,1.0,5.0,5.0,19.0,0.536,0.132
BET-00267,0.381,147.01,1.111,3.79,152.3,0.648,0.52,977.0,0.197,2.0,2.0,7.0,29.0,0.602,0.198
BET-00268,0.373,79.81,1.413,4.35,149.0,0.667,0.215,1377.0,0.466,1.0,2.0,3.0,49.0,0.305,0.281
BET-00269,0.354,79.11,1.617,1.92,143.5,0.496,0.211,594.0,0.275,1.0,4.0,5.0,49.0,0.389,0.14
BET-00270,0.361,145.92,1.281,4.38,179.7,0.683,0.385,1303.0,0.344,2.0,2.0,3.0,7.0,0.451,0.265
BET-00271,0.385,63.3,1.257,3.28,101.8,0.65,0.289,1385.0,0.178,3.0,1.0,3.0,22.0,0.503,0.181
BET-00272,0.68,65.65,0.08,3.42,151.0,0.63,0.437,120.0,0.587,1.0,6.0,1.0,28.0,0.437,0.309
BET-00273,0.777,91.87,1.579,3.63,5.2,0.644,0.21,6.0,0.923,2.0,4.0,6.0,37.0,0.56,0.108
BET-00274,0.486,27.93,1.617,3.61,61.7,0.453,0.214,1091.0,0.233,3.0,5.0,4.0,13.0,0.391,0.241
BET-00275,0.429,54.95,0.045,3.96,36.3,0.603,0.491,1157.0,0.286,2.0,5.0,6.0,184.0,0.31,0.116
BET-00276,0.414,37.05,1.179,2.95,90.7,0.531,0.284,643.0,0.311,3.0,4.0,6.0,54.0,0.301,0.199
BET-00277,0.451,24.46,0.703,3.1,158.5,0.588,0.463,1016.0,0.474,1.0,4.0,4.0,31.0,0.438,0.105
BET-00278,0.525,131.26,1.604,2.47,73.4,0.371,0.5,953.0,0.563,3.0,5.0,7.0,46.0,0.445,0.241
BET-00279,0.52,92.51,1.308,1.82,135.0,0.593,0.224,1133.0,0.261,1.0,2.0,2.0,32.0,0.679,0.33
BET-00280,0.718,60.21,0.988,3.49,4.2,0.683,0.508,1103.0,0.336,2.0,5.0,7.0,31.0,0.318,0.13
BET-00281,0.386,67.21,0.663,1.6,83.3,0.421,0.307,211.0,0.397,2.0,5.0,2.0,39.0,0.512,0.321
BET-00282,0.397,70.41,0.875,2.33,122.3,0.694,0.356,313.0,0.297,1.0,2.0,4.0,19.0,0.531,0.275
BET-00283,0.4,98.64,1.385,1.78,49.5,0.451,0.235,277.0,0.352,3.0,1.0,6.0,19.0,0.58,0.251
BET-00284,0.464,139.75,0.686,2.07,164.5,0.38,0.535,1405.0,0.153,3.0,6.0,6.0,59.0,0.555,0.28
BET-00285,0.433,140.59,0.531,3.42,53.4,0.345,0.424,1378.0,0.184,1.0,6.0,3.0,53.0,0.303,0.201
BET-00286,0.36,64.81,0.044,3.39,166.5,0.614,0.402,19.0,0.956,1.0,6.0,7.0,196.0,0.553,0.313
BET-00287,0.898,56.1,1.47,2.76,3.7,0.522,0.587,255.0,0.557,3.0,1.0,2.0,13.0,0.429,0.334
BET-00288,0.455,73.15,0.68,1.77,179.1,0.423,0.334,900.0,0.275,2.0,6.0,6.0,7.0,0.609,0.333
BET-00289,0.622,89.51,0.151,2.8,120.7,0.543,0.556,354.0,0.225,1.0,6.0,2.0,15.0,0.375,0.181
BET-00290,0.517,74.65,1.761,2.56,42.7,0.433,0.488,609.0,0.471,3.0,5.0,3.0,57.0,0.586,0.296
BET-00291,0.36,102.23,1.391,3.66,39.8,0.479,0.571,467.0,0.575,3.0,3.0,7.0,50.0,0.55,0.144
BET-00292,0.535,87.62,1.255,3.24,41.2,0.645,0.563,1259.0,0.33,2.0,4.0,6.0,34.0,0.561,0.249
BET-00293,0.37,54.9,0.831,2.97,118.5,0.567,0.596,294.0,0.104,1.0,3.0,2.0,58.0,0.37,0.101
BET-00294,0.881,58.4,0.819,2.96,4.9,0.605,0.253,1001.0,0.444,1.0,1.0,2.0,13.0,0.568,0.158
BET-00295,0.531,63.0,0.455,4.4,90.4,0.533,0.518,1477.0,0.308,2.0,4.0,2.0,36.0,0.595,0.29
BET-00296,0.546,23.25,1.42,3.77,96.7,0.697,0.522,1059.0,0.437,1.0,2.0,4.0,15.0,0.496,0.362
BET-00297,0.51,33.25,0.062,2.99,118.4,0.397,0.458,202.0,0.239,2.0,2.0,4.0,154.0,0.436,0.115
BET-00298,0.506,111.24,0.407,2.94,110.0,0.405,0.312,1370.0,0.101,1.0,1.0,6.0,57.0,0.367,0.268
BET-00299,0.478,64.47,1.421,1.58,133.2,0.337,0.586,20.0,0.953,1.0,3.0,6.0,53.0,0.416,0.291
BET-00300,0.506,40.04,1.728,4.33,100.8,0.522,0.282,733.0,0.452,1.0,1.0,2.0,11.0,0.606,0.38
BET-00301,0.862,88.77,1.459,2.46,4.1,0.545,0.4,1020.0,0.297,2.0,6.0,4.0,19.0,0.464,0.297
BET-00302,0.457,115.78,1.06,2.27,179.6,0.59,0.409,1329.0,0.21,2.0,6.0,6.0,38.0,0.581,0.131
BET-00303,0.453,46.04,1.08,4.5,82.5,0.434,0.265,763.0,0.332,2.0,5.0,7.0,8.0,0.596,0.144
BET-00304,0.522,125.75,1.011,3.66,31.8,0.305,0.489,839.0,0.476,3.0,2.0,3.0,35.0,0.57,0.291
BET-00305,0.443,139.85,0.855,1.64,48.8,0.553,0.236,728.0,0.16,2.0,1.0,2.0,37.0,0.569,0.165
BET-00306,0.715,93.64,0.106,1.69,113.0,0.699,0.477,192.0,0.446,1.0,4.0,1.0,21.0,0.544,0.378
BET-00307,0.478,103.65,1.004,1.58,81.6,0.418,0.539,1200.0,0.434,3.0,5.0,4.0,21.0,0.507,0.376
BET-00308,0.809,17.36,0.083,3.3,4.8,0.374,0.34,268.0,0.285,3.0,1.0,4.0,201.0,0.379,0.385
BET-00309,0.378,142.37,1.657,1.71,124.1,0.413,0.484,646.0,0.585,2.0,6.0,4.0,56.0,0.637,0.188
BET-00310,0.446,64.95,1.793,4.3,108.1,0.47,0.263,635.0,0.547,1.0,3.0,2.0,26.0,0.686,0.315
BET-00311,0.433,139.35,0.51,4.31,149.7,0.4,0.538,485.0,0.258,3.0,5.0,4.0,37.0,0.487,0.299
BET-00312,0.397,91.06,0.939,3.14,68.8,0.439,0.581,15.0,0.96,3.0,1.0,3.0,22.0,0.673,0.111
BET-00313,0.424,10.65,0.653,3.35,153.0,0.555,0.261,961.0,0.254,2.0,3.0,4.0,44.0,0.699,0.18
BET-00314,0.423,15.4,0.893,2.38,30.5,0.438,0.477,529.0,0.202,1.0,3.0,2.0,11.0,0.494,0.162
BET-00315,0.872,105.26,0.802,1.69,3.5,0.458,0.402,333.0,0.374,1.0,1.0,6.0,9.0,0.59,0.211
BET-00316,0.426,88.77,0.644,3.71,170.2,0.316,0.413,1316.0,0.559,1.0,5.0,4.0,46.0,0.558,0.386
BET-00317,0.487,13.71,1.47,1.81,148.2,0.667,0.483,1459.0,0.535,1.0,6.0,3.0,45.0,0.395,0.354
BET-00318,0.409,114.08,1.095,1.76,158.0,0.463,0.395,737.0,0.253,1.0,4.0,7.0,20.0,0.319,0.188
BET-00319,0.54,129.3,0.037,2.43,89.5,0.431,0.44,551.0,0.314,2.0,3.0,6.0,178.0,0.481,0.259
BET-00320,0.533,79.5,0.446,1.54,153.6,0.335,0.292,157.0,0.118,1.0,4.0,2.0,58.0,0.615,0.158
BET-00321,0.446,75.21,0.494,2.8,112.6,0.554,0.351,142.0,0.372,1.0,3.0,2.0,11.0,0.43,0.183
BET-00322,0.824,10.77,0.965,3.62,4.2,0.646,0.546,644.0,0.132,3.0,3.0,2.0,15.0,0.614,0.12
BET-00323,0.629,120.13,0.184,3.9,38.8,0.316,0.244,1402.0,0.569,3.0,5.0,2.0,29.0,0.562,0.293
BET-00324,0.52,56.3,0.768,3.31,60.2,0.358,0.439,1120.0,0.533,1.0,4.0,4.0,21.0,0.578,0.297
BET-00325,0.481,133.03,1.78,4.04,112.6,0.359,0.274,9.0,0.959,3.0,2.0,4.0,41.0,0.414,0.352
BET-00326,0.511,62.23,0.693,2.72,38.8,0.541,0.539,1455.0,0.45,3.0,3.0,5.0,43.0,0.488,0.361
BET-00327,0.457,89.11,0.677,4.05,141.2,0.668,0.432,695.0,0.384,2.0,6.0,5.0,34.0,0.373,0.148
BET-00328,0.477,47.85,1.203,3.02,156.0,0.475,0.361,480.0,0.501,2.0,4.0,2.0,39.0,0.399,0.323
BET-00329,0.888,32.48,1.097,2.17,3.4,0.438,0.3,691.0,0.338,2.0,1.0,2.0,29.0,0.336,0.14
BET-00330,0.497,118.49,0.039,4.33,45.3,0.606,0.375,388.0,0.196,1.0,6.0,6.0,151.0,0.351,0.212
BET-00331,0.39,79.52,0.927,2.32,171.0,0.597,0.583,1339.0,0.42,2.0,5.0,7.0,7.0,0.384,0.255
BET-00332,0.489,85.11,1.557,1.58,40.1,0.399,0.404,599.0,0.14,3.0,2.0,7.0,22.0,0.532,0.115
BET-00333,0.522,145.16,0.594,2.23,101.1,0.364,0.388,1018.0,0.392,2.0,6.0,7.0,43.0,0.476,0.147
BET-00334,0.376,144.9,1.0,2.6,156.0,0.443,0.499,639.0,0.206,2.0,6.0,4.0,23.0,0.407,0.181
BET-00335,0.473,129.79,1.366,2.55,40.5,0.61,0.352,1361.0,0.442,1.0,6.0,6.0,9.0,0.644,0.138
BET-00336,0.791,36.27,1.616,3.07,4.2,0.578,0.371,996.0,0.514,3.0,3.0,7.0,24.0,0.51,0.38
BET-00337,0.495,93.2,0.917,4.15,33.7,0.566,0.335,778.0,0.155,1.0,6.0,7.0,44.0,0.669,0.186
BET-00338,0.367,132.94,1.195,2.38,106.7,0.632,0.26,9.0,0.87,3.0,5.0,2.0,12.0,0.554,0.25
BET-00339,0.537,62.42,0.497,3.06,151.7,0.411,0.486,1362.0,0.467,1.0,6.0,2.0,45.0,0.306,0.399
BET-00340,0.682,24.15,0.148,2.52,49.1,0.436,0.549,861.0,0.182,1.0,4.0,1.0,48.0,0.665,0.27
BET-00341,0.542,123.53,0.058,3.97,48.7,0.317,0.562,492.0,0.383,1.0,2.0,5.0,137.0,0.643,0.223
BET-00342,0.51,77.45,1.419,1.97,115.3,0.647,0.552,1328.0,0.436,2.0,2.0,7.0,18.0,0.554,0.379
BET-00343,0.77,89.01,0.803,1.81,7.6,0.533,0.381,167.0,0.277,3.0,6.0,3.0,49.0,0.514,0.167
BET-00344,0.507,147.5,1.413,3.01,139.5,0.419,0.314,533.0,0.516,2.0,4.0,6.0,17.0,0.481,0.154
BET-00345,0.509,95.01,0.493,3.52,172.4,0.328,0.455,847.0,0.355,1.0,6.0,7.0,55.0,0.493,0.261
BET-00346,0.539,69.5,1.608,3.89,144.9,0.589,0.582,569.0,0.413,1.0,4.0,7.0,44.0,0.608,0.228
BET-00347,0.401,61.8,1.57,3.27,161.6,0.599,0.491,762.0,0.17,1.0,4.0,3.0,8.0,0.505,0.339
BET-00348,0.468,68.47,0.525,3.82,107.9,0.566,0.398,463.0,0.112,2.0,1.0,3.0,49.0,0.37,0.113
BET-00349,0.369,26.58,0.433,2.68,154.8,0.382,0.476,273.0,0.125,3.0,3.0,3.0,33.0,0.323,0.285
BET-00350,0.779,121.27,0.479,1.6,4.8,0.665,0.509,142.0,0.552,3.0,4.0,6.0,30.0,0.35,0.313
BET-00351,0.384,127.28,1.595,1.85,40.3,0.601,0.568,15.0,0.96,3.0,1.0,6.0,28.0,0.401,0.392
BET-00352,0.463,49.82,0.057,1.62,128.4,0.563,0.505,1434.0,0.504,1.0,1.0,4.0,154.0,0.447,0.144
BET-00353,0.464,52.53,1.168,2.49,37.8,0.56,0.373,901.0,0.2,2.0,4.0,2.0,45.0,0.657,0.174
BET-00354,0.443,132.41,0.997,2.99,163.9,0.662,0.309,779.0,0.363,1.0,2.0,5.0,54.0,0.396,0.38
BET-00355,0.455,13.36,1.514,2.57,133.7,0.671,0.4,632.0,0.498,2.0,5.0,6.0,20.0,0.428,0.289
BET-00356,0.503,82.86,1.084,3.18,172.8,0.538,0.331,1089.0,0.437,2.0,3.0,4.0,40.0,0.389,0.111
BET-00357,0.66,74.91,0.139,2.94,1.3,0.467,0.577,289.0,0.158,3.0,3.0,2.0,43.0,0.518,0.123
BET-00358,0.448,106.62,1.785,3.53,102.9,0.445,0.403,479.0,0.548,2.0,1.0,5.0,42.0,0.547,0.336
BET-00359,0.47,32.87,0.61,3.5,141.3,0.628,0.389,1015.0,0.18,1.0,3.0,5.0,32.0,0.513,0.27
BET-00360,0.536,103.57,1.563,2.45,66.4,0.558,0.339,765.0,0.186,2.0,4.0,5.0,27.0,0.681,0.27
BET-00361,0.374,62.74,0.472,2.54,111.3,0.331,0.456,1176.0,0.551,2.0,4.0,7.0,47.0,0.698,0.364
BET-00362,0.373,96.62,1.069,3.26,128.9,0.357,0.408,1355.0,0.342,2.0,2.0,3.0,22.0,0.635,0.172
BET-00363,0.368,15.61,0.119,3.29,176.8,0.66,0.252,1251.0,0.286,1.0,1.0,5.0,203.0,0.622,0.148
BET-00364,0.702,74.64,1.331,2.44,6.7,0.654,0.548,18.0,0.91,2.0,6.0,7.0,35.0,0.446,0.284
BET-00365,0.434,83.12,1.359,2.49,47.7,0.681,0.344,219.0,0.591,2.0,6.0,3.0,20.0,0.532,0.365
BET-00366,0.505,40.01,0.769,3.58,101.3,0.471,0.373,329.0,0.16,3.0,6.0,3.0,7.0,0.441,0.18
BET-00367,0.484,29.55,0.986,3.44,118.3,0.614,0.282,1195.0,0.478,3.0,2.0,2.0,8.0,0.614,0.304
BET-00368,0.417,36.39,0.913,1.91,52.0,0.631,0.421,1379.0,0.267,1.0,4.0,4.0,43.0,0.369,0.146
BET-00369,0.53,58.18,1.13,2.82,94.8,0.426,0.481,1395.0,0.159,3.0,1.0,2.0,59.0,0.387,0.152
BET-00370,0.503,23.55,1.047,4.18,72.6,0.358,0.552,510.0,0.311,1.0,6.0,6.0,30.0,0.315,0.37
BET-00371,0.747,142.62,0.858,1.61,1.2,0.699,0.221,1275.0,0.374,3.0,1.0,2.0,13.0,0.544,0.135
BET-00372,0.423,66.7,0.828,4.07,106.8,0.312,0.589,846.0,0.203,2.0,3.0,6.0,50.0,0.575,0.107
BET-00373,0.413,123.26,0.751,1.99,54.8,0.539,0.482,1250.0,0.303,3.0,6.0,5.0,19.0,0.301,0.332
BET-00374,0.646,146.42,0.179,3.02,118.6,0.56,0.314,863.0,0.418,3.0,5.0,1.0,155.0,0.504,0.209
BET-00375,0.38,21.3,0.61,2.77,55.5,0.573,0.282,296.0,0.388,2.0,6.0,4.0,36.0,0.451,0.219
BET-00376,0.537,101.23,1.621,1.53,138.5,0.402,0.318,202.0,0.462,2.0,3.0,4.0,18.0,0.617,0.34
BET-00377,0.438,132.0,1.243,4.25,59.3,0.589,0.55,8.0,0.922,3.0,1.0,3.0,32.0,0.316,0.154
BET-00378,0.71,98.79,0.587,2.86,3.1,0.387,0.317,690.0,0.305,2.0,1.0,5.0,23.0,0.319,0.295
BET-00379,0.496,70.06,1.371,4.36,33.9,0.632,0.385,584.0,0.311,2.0,1.0,3.0,48.0,0.548,0.194
BET-00380,0.461,70.35,1.587,2.36,108.3,0.388,0.482,592.0,0.348,2.0,1.0,2.0,11.0,0.537,0.131
BET-00381,0.537,15.03,0.733,4.1,78.0,0.579,0.549,624.0,0.383,2.0,3.0,7.0,52.0,0.632,0.306
BET-00382,0.506,84.84,0.611,4.27,63.8,0.613,0.463,1422.0,0.154,1.0,1.0,6.0,47.0,0.537,0.196
BET-00383,0.446,149.1,0.412,3.17,100.7,0.376,0.501,178.0,0.256,1.0,2.0,2.0,52.0,0.68,0.36
BET-00384,0.425,144.22,0.466,2.11,156.3,0.395,0.269,258.0,0.186,3.0,3.0,5.0,54.0,0.426,0.376
BET-00385,0.735,15.66,0.052,3.56,4.8,0.612,0.551,1203.0,0.293,2.0,5.0,3.0,211.0,0.459,0.355
BET-00386,0.494,108.81,1.782,3.15,75.5,0.334,0.31,865.0,0.587,2.0,5.0,3.0,34.0,0.691,0.197
BET-00387,0.54,52.25,0.463,4.33,53.1,0.376,0.251,271.0,0.391,1.0,1.0,4.0,52.0,0.343,0.171
BET-00388,0.374,136.42,1.447,2.82,138.0,0.482,0.59,139.0,0.315,3.0,6.0,6.0,26.0,0.618,0.368
BET-00389,0.52,16.32,0.501,2.31,117.3,0.672,0.281,406.0,0.383,2.0,4.0,2.0,8.0,0.305,0.236
BET-00390,0.477,141.02,1.229,1.91,60.2,0.525,0.255,6.0,0.909,1.0,3.0,4.0,21.0,0.495,0.312
BET-00391,0.622,127.25,0.139,3.6,144.0,0.455,0.45,110.0,0.317,1.0,3.0,2.0,18.0,0.361,0.348
BET-00392,0.707,26.45,0.903,4.42,2.5,0.691,0.328,395.0,0.324,2.0,6.0,4.0,53.0,0.54,0.183
BET-00393,0.487,18.38,0.415,1.59,128.0,0.485,0.253,1131.0,0.451,2.0,3.0,2.0,31.0,0.619,0.136
BET-00394,0.352,126.86,1.233,3.72,83.9,0.473,0.44,1296.0,0.13,1.0,2.0,4.0,43.0,0.313,0.287
BET-00395,0.441,31.81,1.788,4.28,95.9,0.465,0.504,1357.0,0.37,1.0,3.0,6.0,58.0,0.366,0.277
BET-00396,0.515,84.89,0.081,1.72,57.1,0.425,0.517,640.0,0.374,1.0,1.0,7.0,244.0,0.437,0.181
BET-00397,0.409,138.2,0.665,1.83,143.5,0.43,0.262,540.0,0.478,1.0,1.0,5.0,47.0,0.402,0.275
BET-00398,0.442,89.44,0.573,3.58,53.6,0.575,0.423,1500.0,0.591,3.0,2.0,2.0,6.0,0.453,0.337
BET-00399,0.718,65.61,1.177,3.44,5.6,0.316,0.525,1175.0,0.498,2.0,2.0,6.0,11.0,0.681,0.205
BET-00400,0.41,72.3,1.235,1.71,149.7,0.573,0.264,848.0,0.352,2.0,3.0,6.0,14.0,0.34,0.173
BET-00401,0.534,18.84,1.509,4.0,142.0,0.38,0.283,449.0,0.185,1.0,1.0,5.0,22.0,0.469,0.318
BET-00402,0.506,145.63,1.454,3.07,32.9,0.454,0.201,543.0,0.394,2.0,4.0,7.0,27.0,0.483,0.336
BET-00403,0.372,53.49,1.65,4.22,71.0,0.359,0.41,18.0,0.927,3.0,1.0,6.0,31.0,0.412,0.386
BET-00404,0.549,36.51,1.528,4.13,100.3,0.521,0.278,854.0,0.566,3.0,2.0,3.0,18.0,0.411,0.144
BET-00405,0.526,50.05,0.746,3.94,119.3,0.592,0.49,109.0,0.513,2.0,6.0,4.0,9.0,0.586,0.367
BET-00406,0.803,145.01,1.178,3.05,7.7,0.442,0.585,1443.0,0.194,1.0,1.0,5.0,42.0,0.547,0.33
BET-00407,0.517,23.2,0.07,2.26,86.3,0.365,0.284,902.0,0.456,2.0,2.0,4.0,223.0,0.625,0.311
BET-00408,0.701,131.42,0.089,3.02,161.3,0.391,0.46,921.0,0.54,1.0,4.0,1.0,50.0,0.462,0.194
BET-00409,0.55,109.1,1.705,1.8,54.5,0.627,0.285,388.0,0.441,1.0,2.0,6.0,56.0,0.543,0.107
BET-00410,0.483,126.2,1.355,3.48,85.7,0.407,0.207,1169.0,0.443,3.0,2.0,2.0,44.0,0.657,0.252
BET-00411,0.48,146.63,1.764,1.9,37.8,0.61,0.503,1130.0,0.35,3.0,1.0,5.0,38.0,0.641,0.186
BET-00412,0.368,127.9,0.984,3.03,141.4,0.432,0.374,224.0,0.418,3.0,3.0,2.0,41.0,0.668,0.187
BET-00413,0.882,142.07,1.152,1.66,2.4,0.375,0.579,929.0,0.247,2.0,5.0,5.0,41.0,0.408,0.378
BET-00414,0.356,27.77,1.082,2.4,68.6,0.591,0.414,1018.0,0.144,3.0,4.0,4.0,56.0,0.694,0.146
BET-00415,0.398,121.41,0.55,2.2,146.3,0.487,0.263,1268.0,0.514,2.0,6.0,3.0,58.0,0.627,0.38
BET-00416,0.379,86.39,0.731,3.36,110.2,0.313,0.38,22.0,0.835,1.0,5.0,7.0,28.0,0.618,0.251
BET-00417,0.505,86.09,1.139,3.86,32.1,0.684,0.281,1327.0,0.528,1.0,5.0,3.0,39.0,0.567,0.351
BET-00418,0.39,135.85,0.088,1.67,30.3,0.359,0.551,741.0,0.267,1.0,3.0,2.0,138.0,0.693,0.185
BET-00419,0.532,146.05,1.704,4.05,106.6,0.441,0.476,226.0,0.147,3.0,4.0,4.0,5.0,0.477,0.29
BET-00420,0.832,108.68,0.573,4.08,3.3,0.454,0.336,239.0,0.24,1.0,4.0,6.0,34.0,0.597,0.267
BET-00421,0.357,77.61,0.677,2.53,57.0,0.496,0.411,369.0,0.521,3.0,5.0,2.0,41.0,0.58,0.377
BET-00422,0.351,73.9,1.471,3.48,122.0,0.614,0.468,489.0,0.428,3.0,4.0,4.0,44.0,0.593,0.154
BET-00423,0.36,64.09,0.536,2.71,64.3,0.302,0.513,790.0,0.583,2.0,3.0,4.0,25.0,0.601,0.161
BET-00424,0.471,60.62,1.66,1.96,118.8,0.673,0.232,1146.0,0.271,3.0,1.0,7.0,21.0,0.376,0.385
BET-00425,0.643,64.81,0.051,3.09,86.9,0.558,0.209,353.0,0.376,1.0,6.0,2.0,15.0,0.44,0.129
BET-00426,0.398,22.57,0.496,1.76,58.0,0.68,0.246,1490.0,0.495,2.0,3.0,2.0,36.0,0.457,0.29
BET-00427,0.708,20.84,1.369,4.14,3.4,0.627,0.358,318.0,0.217,1.0,5.0,5.0,56.0,0.599,0.118
BET-00428,0.361,119.18,1.284,4.27,65.5,0.671,0.387,935.0,0.582,1.0,5.0,3.0,54.0,0.586,0.123
BET-00429,0.51,72.45,0.104,3.96,34.5,0.54,0.255,20.0,0.949,1.0,1.0,6.0,205.0,0.633,0.279
BET-00430,0.536,140.3,1.559,3.19,76.2,0.443,0.364,1264.0,0.104,3.0,4.0,3.0,19.0,0.615,0.265
BET-00431,0.504,95.71,1.406,3.17,165.3,0.477,0.377,1004.0,0.113,3.0,3.0,5.0,48.0,0.538,0.272
BET-00432,0.49,14.92,1.221,4.45,154.7,0.563,0.244,1099.0,0.541,3.0,2.0,2.0,45.0,0.356,0.242
BET-00433,0.518,32.05,0.851,2.24,85.8,0.471,0.567,279.0,0.423,3.0,2.0,6.0,33.0,0.554,0.323
BET-00434,0.774,38.81,1.376,1.73,4.0,0.593,0.44,104.0,0.482,3.0,4.0,5.0,26.0,0.655,0.398
BET-00435,0.39,146.6,1.74,3.19,115.1,0.337,0.355,702.0,0.492,3.0,1.0,2.0,12.0,0.557,0.183
BET-00436,0.375,40.62,1.223,2.49,154.3,0.632,0.403,216.0,0.31,1.0,4.0,3.0,48.0,0.658,0.197
BET-00437,0.451,82.21,1.33,2.47,65.4,0.382,0.326,594.0,0.499,3.0,6.0,2.0,39.0,0.7,0.197
BET-00438,0.499,141.06,1.012,1.52,74.5,0.678,0.542,405.0,0.569,3.0,1.0,2.0,26.0,0.444,0.329
BET-00439,0.476,146.81,1.459,3.29,75.3,0.362,0.43,1382.0,0.186,1.0,1.0,6.0,56.0,0.589,0.204
BET-00440,0.52,43.09,0.071,2.29,36.1,0.352,0.398,1331.0,0.482,1.0,1.0,4.0,99.0,0.516,0.303
BET-00441,0.82,16.88,0.625,2.06,5.8,0.625,0.564,1245.0,0.254,3.0,5.0,6.0,56.0,0.482,0.234
BET-00442,0.696,31.5,0.068,1.62,161.7,0.627,0.535,16.0,0.939,3.0,6.0,2.0,31.0,0.396,0.282
BET-00443,0.389,18.87,1.155,2.59,166.8,0.596,0.525,307.0,0.306,1.0,6.0,6.0,30.0,0.398,0.349
BET-00444,0.404,37.32,1.074,4.14,46.4,0.684,0.29,158.0,0.532,1.0,1.0,5.0,57.0,0.374,0.254
BET-00445,0.492,89.6,1.2,2.51,98.7,0.408,0.261,1012.0,0.111,2.0,3.0,5.0,58.0,0.553,0.243
BET-00446,0.546,137.74,0.469,3.54,87.2,0.631,0.476,996.0,0.317,1.0,1.0,6.0,58.0,0.357,0.18
BET-00447,0.472,85.21,0.966,3.77,103.4,0.441,0.387,611.0,0.44,3.0,3.0,6.0,50.0,0.473,0.255
BET-00448,0.875,97.64,1.216,2.48,2.0,0.515,0.473,756.0,0.155,2.0,2.0,6.0,30.0,0.509,0.179
BET-00449,0.473,38.26,1.219,3.96,33.0,0.478,0.504,780.0,0.496,1.0,4.0,6.0,17.0,0.475,0.353
BET-00450,0.358,122.08,1.32,3.58,156.3,0.302,0.318,428.0,0.571,3.0,6.0,4.0,26.0,0.642,0.217
BET-00451,0.527,96.49,0.069,3.18,176.0,0.53,0.314,533.0,0.145,3.0,5.0,6.0,163.0,0.477,0.139
BET-00452,0.492,130.98,1.298,1.5,128.0,0.599,0.396,680.0,0.176,3.0,1.0,7.0,25.0,0.333,0.172
BET-00453,0.385,142.84,1.506,1.61,129.1,0.37,0.309,940.0,0.587,3.0,2.0,6.0,47.0,0.697,0.26
BET-00454,0.368,58.71,1.275,4.47,109.2,0.673,0.467,1438.0,0.199,1.0,2.0,5.0,56.0,0.638,0.375
BET-00455,0.754,22.68,1.153,3.85,2.9,0.512,0.499,7.0,0.911,3.0,2.0,2.0,58.0,0.564,0.19
BET-00456,0.546,41.63,1.249,4.31,52.3,0.371,0.389,1121.0,0.576,3.0,3.0,4.0,57.0,0.603,0.179
BET-00457,0.442,71.3,0.542,4.21,117.6,0.558,0.49,1228.0,0.546,3.0,4.0,2.0,36.0,0.351,0.222
BET-00458,0.507,142.4,0.782,1.56,36.7,0.377,0.404,250.0,0.428,1.0,5.0,2.0,32.0,0.606,0.39
BET-00459,0.652,62.96,0.187,3.88,153.7,0.325,0.485,1011.0,0.376,2.0,6.0,1.0,59.0,0.383,0.354
BET-00460,0.464,117.91,1.622,2.85,93.1,0.574,0.29,770.0,0.56,3.0,5.0,4.0,17.0,0.496,0.145
BET-00461,0.379,85.67,1.351,3.87,92.2,0.344,0.496,897.0,0.428,1.0,2.0,5.0,15.0,0.371,0.284
BET-00462,0.802,35.59,0.065,1.52,6.9,0.342,0.486,144.0,0.429,2.0,2.0,7.0,221.0,0.602,0.338
BET-00463,0.41,54.9,1.229,2.36,175.4,0.596,0.307,1368.0,0.522,3.0,3.0,6.0,43.0,0.398,0.33
BET-00464,0.466,101.45,0.71,3.75,56.2,0.322,0.422,1433.0,0.427,3.0,5.0,4.0,34.0,0.401,0.247
BET-00465,0.49,104.2,1.428,3.88,52.7,0.624,0.542,95.0,0.352,2.0,6.0,4.0,12.0,0.344,0.32
BET-00466,0.48,70.87,1.558,3.36,54.8,0.618,0.3,390.0,0.295,3.0,3.0,6.0,33.0,0.588,0.275
BET-00467,0.538,42.01,1.231,2.4,128.8,0.357,0.494,344.0,0.352,3.0,2.0,3.0,57.0,0.418,0.16
BET-00468,0.38,111.07,1.228,2.43,178.8,0.507,0.582,13.0,0.89,3.0,1.0,7.0,38.0,0.507,0.117
BET-00469,0.731,33.64,0.874,4.4,1.0,0.339,0.546,933.0,0.28,1.0,1.0,6.0,27.0,0.433,0.211
BET-00470,0.431,141.13,1.025,2.82,165.8,0.553,0.361,340.0,0.324,1.0,4.0,6.0,35.0,0.61,0.119
BET-00471,0.445,36.31,1.61,2.84,71.8,0.325,0.443,1238.0,0.501,1.0,4.0,3.0,54.0,0.391,0.219
BET-00472,0.374,25.02,1.413,3.16,127.2,0.678,0.597,588.0,0.308,2.0,4.0,5.0,55.0,0.676,0.349
BET-00473,0.377,79.67,0.081,2.73,36.1,0.383,0.427,740.0,0.113,2.0,1.0,6.0,221.0,0.429,0.353
BET-00474,0.406,82.74,0.916,3.16,104.3,0.573,0.246,636.0,0.242,1.0,3.0,2.0,38.0,0.342,0.11
BET-00475,0.411,81.15,0.471,2.8,128.2,0.351,0.218,825.0,0.216,3.0,2.0,3.0,20.0,0.396,0.121
BET-00476,0.663,71.13,0.104,3.98,7.3,0.384,0.516,767.0,0.497,1.0,3.0,1.0,30.0,0.33,0.301
BET-00477,0.472,149.27,0.67,4.23,65.7,0.48,0.369,477.0,0.325,3.0,4.0,4.0,17.0,0.487,0.25
BET-00478,0.477,78.08,0.923,4.3,154.3,0.529,0.299,689.0,0.24,2.0,2.0,6.0,34.0,0.4,0.145
BET-00479,0.432,76.91,1.722,3.19,175.5,0.7,0.339,1371.0,0.505,3.0,4.0,4.0,37.0,0.654,0.342
BET-00480,0.432,69.05,1.107,2.83,98.9,0.31,0.503,799.0,0.11,1.0,2.0,7.0,24.0,0.507,0.165
BET-00481,0.394,19.36,0.729,3.62,125.4,0.3,0.386,23.0,0.904,1.0,4.0,3.0,20.0,0.393,0.123
BET-00482,0.468,93.01,0.548,4.01,148.6,0.44,0.547,866.0,0.513,3.0,3.0,4.0,13.0,0.481,0.325
BET-00483,0.755,41.92,0.874,3.19,1.4,0.446,0.494,1174.0,0.375,2.0,3.0,2.0,13.0,0.378,0.282
BET-00484,0.357,99.27,0.047,3.6,159.7,0.654,0.59,504.0,0.487,2.0,1.0,3.0,213.0,0.371,0.218
BET-00485,0.434,17.12,0.937,3.75,72.0,0.665,0.555,1204.0,0.519,1.0,4.0,3.0,17.0,0.42,0.308
BET-00486,0.445,147.39,1.482,3.53,146.4,0.652,0.302,463.0,0.571,3.0,6.0,6.0,11.0,0.343,0.373
BET-00487,0.395,75.66,1.524,3.74,46.8,0.357,0.464,118.0,0.132,1.0,4.0,4.0,60.0,0.375,0.11
BET-00488,0.464,135.55,0.555,2.13,73.3,0.465,0.208,317.0,0.5,3.0,5.0,3.0,19.0,0.675,0.288
BET-00489,0.463,76.58,1.252,3.0,110.0,0.598,0.596,121.0,0.454,2.0,5.0,3.0,54.0,0.567,0.165
BET-00490,0.765,18.45,1.743,3.26,5.6,0.425,0.304,1425.0,0.204,1.0,1.0,5.0,39.0,0.668,0.242
BET-00491,0.48,125.11,0.963,1.51,157.6,0.565,0.466,1500.0,0.566,2.0,5.0,6.0,44.0,0.403,0.227
BET-00492,0.48,100.75,0.471,4.07,179.4,0.395,0.54,1165.0,0.302,2.0,2.0,7.0,36.0,0.643,0.217
BET-00493,0.668,119.45,0.079,3.33,46.1,0.429,0.264,242.0,0.544,2.0,4.0,2.0,15.0,0.445,0.157
BET-00494,0.507,69.94,1.637,1.89,70.7,0.644,0.539,11.0,0.901,3.0,6.0,7.0,52.0,0.358,0.341
BET-00495,0.46,99.31,0.077,3.95,83.6,0.4,0.205,1139.0,0.363,2.0,6.0,4.0,248.0,0.622,0.214
BET-00496,0.436,129.87,1.173,3.65,101.8,0.686,0.377,558.0,0.18,2.0,3.0,6.0,24.0,0.324,0.366
BET-00497,0.88,98.35,0.696,3.77,5.6,0.423,0.389,798.0,0.557,2.0,6.0,2.0,47.0,0.462,0.206
BET-00498,0.422,58.67,1.547,2.68,158.4,0.309,0.35,1023.0,0.378,1.0,4.0,5.0,35.0,0.628,0.352
BET-00499,0.453,102.75,1.098,4.06,145.6,0.402,0.435,124.0,0.103,3.0,1.0,7.0,55.0,0.547,0.263
BET-00500,0.497,104.06,0.447,2.74,32.8,0.368,0.566,797.0,0.109,1.0,2.0,2.0,49.0,0.507,0.216
BET-00501,0.527,144.48,1.356,3.21,98.3,0.503,0.331,1123.0,0.489,1.0,6.0,6.0,7.0,0.441,0.311
BET-00502,0.534,61.93,1.731,1.5,122.7,0.345,0.432,355.0,0.181,1.0,6.0,2.0,53.0,0.33,0.336
BET-00503,0.451,69.51,1.561,3.43,99.1,0.55,0.551,716.0,0.399,2.0,6.0,7.0,58.0,0.696,0.245
BET-00504,0.731,123.7,0.788,3.65,7.4,0.65,0.509,841.0,0.441,2.0,3.0,6.0,46.0,0.37,0.228
BET-00505,0.51,80.81,0.475,3.2,89.6,0.445,0.216,1127.0,0.24,3.0,2.0,7.0,12.0,0.402,0.273
BET-00506,0.413,113.12,0.109,2.99,91.7,0.367,0.577,1450.0,0.385,3.0,5.0,7.0,231.0,0.394,0.276
BET-00507,0.517,74.36,1.712,3.93,58.2,0.46,0.219,14.0,0.847,3.0,1.0,3.0,41.0,0.663,0.228
BET-00508,0.449,40.17,1.145,3.54,143.4,0.614,0.436,966.0,0.573,1.0,6.0,4.0,24.0,0.605,0.327
BET-00509,0.373,114.33,1.299,2.33,78.2,0.537,0.43,913.0,0.53,3.0,4.0,6.0,54.0,0.483,0.22
BET-00510,0.659,28.36,0.163,4.38,118.3,0.34,0.515,940.0,0.244,1.0,4.0,1.0,36.0,0.682,0.236
BET-00511,0.778,37.8,0.988,3.62,4.5,0.515,0.259,859.0,0.364,1.0,3.0,3.0,52.0,0.321,0.282
BET-00512,0.361,97.76,0.567,4.46,161.6,0.487,0.272,174.0,0.35,2.0,6.0,2.0,42.0,0.657,0.396
BET-00513,0.406,114.62,0.535,4.41,48.3,0.431,0.501,1075.0,0.58,2.0,5.0,7.0,21.0,0.324,0.178
BET-00514,0.417,135.26,0.726,4.26,47.1,0.344,0.26,1100.0,0.297,1.0,1.0,3.0,59.0,0.456,0.17
BET-00515,0.385,48.16,1.571,3.77,75.0,0.692,0.388,813.0,0.381,3.0,4.0,4.0,36.0,0.322,0.153
BET-00516,0.413,25.5,0.604,3.33,94.7,0.37,0.493,1317.0,0.564,1.0,6.0,4.0,33.0,0.7,0.307
BET-00517,0.499,143.85,0.053,2.02,74.8,0.377,0.46,1038.0,0.181,2.0,1.0,4.0,197.0,0.666,0.235
BET-00518,0.83,31.62,1.168,3.13,4.1,0.358,0.284,601.0,0.375,2.0,5.0,6.0,12.0,0.534,0.217
BET-00519,0.515,37.67,0.701,3.8,66.8,0.528,0.322,118.0,0.153,2.0,2.0,7.0,43.0,0.387,0.161
BET-00520,0.521,50.79,0.628,3.06,42.7,0.477,0.588,4.0,0.97,2.0,4.0,5.0,29.0,0.411,0.367
BET-00521,0.424,84.11,1.189,4.1,92.1,0.4,0.379,586.0,0.283,3.0,6.0,7.0,56.0,0.48,0.233
BET-00522,0.381,133.6,0.915,1.83,146.0,0.472,0.218,742.0,0.584,2.0,3.0,2.0,58.0,0.429,0.282
BET-00523,0.47,116.48,1.277,2.64,157.6,0.569,0.288,325.0,0.308,1.0,1.0,7.0,47.0,0.309,0.134
BET-00524,0.374,109.14,1.677,3.02,140.0,0.413,0.337,357.0,0.168,3.0,1.0,2.0,18.0,0.563,0.132
BET-00525,0.782,34.53,0.611,2.8,3.6,0.666,0.6,415.0,0.517,3.0,5.0,2.0,44.0,0.545,0.12
BET-00526,0.542,60.08,1.679,1.83,138.6,0.423,0.321,1191.0,0.51,1.0,6.0,2.0,6.0,0.662,0.21
BET-00527,0.657,76.98,0.118,1.96,132.2,0.379,0.211,1178.0,0.447,3.0,2.0,1.0,50.0,0.491,0.242
BET-00528,0.504,30.64,0.087,4.01,65.2,0.682,0.405,630.0,0.474,2.0,6.0,7.0,82.0,0.438,0.173
BET-00529,0.412,48.28,1.284,2.95,112.6,0.624,0.233,333.0,0.232,1.0,3.0,3.0,57.0,0.505,0.205
BET-00530,0.488,53.17,1.268,1.65,145.6,0.437,0.31,246.0,0.421,1.0,1.0,6.0,26.0,0.378,0.102
BET-00531,0.491,27.82,1.295,1.55,77.6,0.637,0.597,213.0,0.119,3.0,4.0,4.0,19.0,0.55,0.205
BET-00532,0.875,87.03,1.367,2.92,0.8,0.508,0.482,642.0,0.198,1.0,6.0,2.0,60.0,0.608,0.136
BET-00533,0.478,108.7,0.423,1.99,102.2,0.439,0.22,25.0,0.92,2.0,2.0,4.0,34.0,0.361,0.139
BET-00534,0.352,19.79,1.741,3.62,105.5,0.636,0.379,560.0,0.47,3.0,6.0,3.0,52.0,0.427,0.101
BET-00535,0.392,77.36,1.22,3.89,43.5,0.601,0.269,1446.0,0.215,3.0,4.0,3.0,55.0,0.647,0.309
BET-00536,0.455,119.51,1.494,2.18,129.9,0.419,0.249,806.0,0.156,2.0,3.0,5.0,34.0,0.502,0.379
BET-00537,0.383,114.72,0.928,3.28,159.9,0.543,0.435,1250.0,0.574,3.0,5.0,6.0,30.0,0.513,0.286
BET-00538,0.383,124.11,0.417,1.96,51.2,0.448,0.402,272.0,0.156,1.0,3.0,5.0,35.0,0.589,0.129
BET-00539,0.713,72.75,0.053,2.41,4.5,0.3,0.497,468.0,0.229,3.0,1.0,3.0,242.0,0.531,0.397
BET-00540,0.548,124.88,1.11,4.17,37.3,0.685,0.557,1425.0,0.191,1.0,6.0,6.0,58.0,0.328,0.393
BET-00541,0.461,43.71,1.012,3.13,34.4,0.52,0.299,631.0,0.104,1.0,3.0,6.0,23.0,0.622,0.24
BET-00542,0.518,60.51,0.876,4.16,178.4,0.539,0.569,1004.0,0.257,3.0,4.0,3.0,46.0,0.669,0.132
BET-00543,0.548,34.69,0.75,2.18,104.0,0.54,0.407,1466.0,0.587,3.0,5.0,7.0,21.0,0.321,0.316
BET-00544,0.671,75.45,0.163,2.49,83.3,0.52,0.304,867.0,0.271,3.0,1.0,1.0,39.0,0.348,0.388
BET-00545,0.44,64.89,0.925,2.91,71.2,0.416,0.538,521.0,0.352,3.0,5.0,5.0,49.0,0.581,0.334
BET-00546,0.899,43.73,1.758,2.94,5.3,0.689,0.214,14.0,0.884,1.0,3.0,3.0,54.0,0.542,0.287
BET-00547,0.366,115.25,0.642,4.49,67.8,0.549,0.424,167.0,0.376,2.0,4.0,4.0,30.0,0.453,0.283
BET-00548,0.501,53.94,0.848,1.84,138.9,0.568,0.489,248.0,0.472,3.0,3.0,4.0,25.0,0.516,0.393
BET-00549,0.437,48.19,0.812,4.06,72.6,0.482,0.312,100.0,0.431,2.0,5.0,3.0,19.0,0.581,0.122
BET-00550,0.444,28.32,0.052,4.09,40.6,0.415,0.545,1337.0,0.404,1.0,2.0,3.0,200.0,0.502,0.145
BET-00551,0.38,71.44,1.099,3.16,132.5,0.326,0.296,1037.0,0.425,1.0,1.0,2.0,25.0,0.356,0.349
BET-00552,0.386,52.42,1.301,2.53,30.2,0.44,0.536,511.0,0.5,3.0,3.0,2.0,53.0,0.336,0.144
BET-00553,0.818,61.7,1.73,3.06,6.8,0.37,0.231,402.0,0.455,3.0,1.0,6.0,28.0,0.476,0.215
BET-00554,0.359,43.04,0.799,2.38,67.6,0.565,0.264,1053.0,0.496,1.0,2.0,2.0,22.0,0.669,0.184
BET-00555,0.397,116.84,1.37,3.9,141.9,0.652,0.352,1387.0,0.173,1.0,4.0,4.0,46.0,0.523,0.173
BET-00556,0.408,140.2,0.435,2.99,145.5,0.421,0.542,512.0,0.439,2.0,5.0,4.0,17.0,0.443,0.108
BET-00557,0.448,79.71,0.767,4.28,138.6,0.433,0.258,543.0,0.469,1.0,5.0,2.0,19.0,0.663,0.27
BET-00558,0.467,100.02,1.049,3.37,33.7,0.568,0.55,1294.0,0.25,3.0,2.0,6.0,56.0,0.455,0.22
BET-00559,0.449,131.4,0.443,3.04,135.6,0.36,0.292,15.0,0.913,3.0,5.0,7.0,9.0,0.504,0.265
BET-00560,0.795,149.84,1.265,3.63,6.1,0.672,0.381,1379.0,0.252,2.0,3.0,5.0,28.0,0.347,0.191
BET-00561,0.689,95.89,0.099,3.01,66.4,0.446,0.341,503.0,0.222,3.0,2.0,1.0,225.0,0.595,0.382
BET-00562,0.519,134.57,1.445,4.21,71.1,0.34,0.247,260.0,0.534,1.0,5.0,3.0,18.0,0.58,0.277
BET-00563,0.478,137.21,1.123,2.05,152.0,0.37,0.578,710.0,0.224,3.0,4.0,7.0,20.0,0.618,0.388
BET-00564,0.48,120.8,1.246,4.42,54.1,0.673,0.375,507.0,0.308,2.0,3.0,6.0,17.0,0.43,0.205
BET-00565,0.484,74.53,0.954,3.94,129.1,0.399,0.476,1336.0,0.284,2.0,4.0,4.0,24.0,0.474,0.101
BET-00566,0.503,21.36,0.458,4.08,143.3,0.565,0.43,142.0,0.549,1.0,5.0,6.0,54.0,0.367,0.334
BET-00567,0.879,12.21,0.54,2.95,6.2,0.362,0.401,984.0,0.328,1.0,2.0,7.0,29.0,0.686,0.348
BET-00568,0.423,76.81,1.317,4.01,113.1,0.378,0.447,1368.0,0.447,1.0,1.0,5.0,28.0,0.334,0.118
BET-00569,0.458,79.2,1.794,2.42,116.4,0.652,0.559,1467.0,0.497,2.0,4.0,3.0,26.0,0.56,0.288
BET-00570,0.418,67.03,0.422,3.79,75.5,0.359,0.48,1007.0,0.414,1.0,1.0,3.0,58.0,0.582,0.298
BET-00571,0.519,89.54,1.181,1.92,161.5,0.308,0.413,1429.0,0.572,1.0,4.0,3.0,11.0,0.363,0.144
BET-00572,0.447,87.3,0.054,2.42,54.4,0.5,0.458,8.0,0.829,2.0,3.0,3.0,200.0,0.446,0.266
BET-00573,0.504,127.13,1.557,2.84,84.6,0.645,0.443,597.0,0.3,3.0,2.0,7.0,23.0,0.317,0.173
BET-00574,0.858,25.21,1.163,2.47,6.5,0.43,0.373,102.0,0.575,1.0,4.0,3.0,58.0,0.523,0.105
BET-00575,0.451,41.52,1.268,2.66,58.6,0.351,0.45,1473.0,0.362,2.0,3.0,7.0,22.0,0.698,0.36
BET-00576,0.532,121.02,1.375,3.96,153.2,0.693,0.377,1363.0,0.111,3.0,3.0,3.0,10.0,0.472,0.248
BET-00577,0.467,128.7,1.603,2.27,41.9,0.571,0.503,130.0,0.23,2.0,2.0,4.0,34.0,0.696,0.335
BET-00578,0.715,149.28,0.053,3.74,103.4,0.64,0.588,116.0,0.411,1.0,5.0,2.0,18.0,0.35,0.317
BET-00579,0.418,132.21,1.697,1.72,41.3,0.601,0.584,607.0,0.178,1.0,6.0,2.0,46.0,0.457,0.398
BET-00580,0.45,134.59,0.436,3.8,131.7,0.579,0.528,455.0,0.392,3.0,4.0,3.0,41.0,0.661,0.231
BET-00581,0.881,54.01,1.571,3.88,6.3,0.454,0.441,1284.0,0.281,2.0,2.0,3.0,43.0,0.651,0.228
BET-00582,0.371,66.23,0.507,2.71,157.5,0.43,0.5,316.0,0.367,1.0,6.0,2.0,16.0,0.429,0.185
BET-00583,0.43,47.53,0.11,3.67,177.2,0.587,0.271,1205.0,0.101,3.0,1.0,6.0,222.0,0.571,0.288
BET-00584,0.533,94.88,0.405,4.25,130.8,0.587,0.392,872.0,0.524,3.0,2.0,5.0,22.0,0.654,0.246
BET-00585,0.476,141.43,1.023,3.9,145.4,0.68,0.303,24.0,0.921,3.0,1.0,7.0,60.0,0.607,0.319
BET-00586,0.386,58.25,0.868,2.67,105.9,0.527,0.201,295.0,0.17,1.0,6.0,7.0,45.0,0.551,0.207
BET-00587,0.418,87.98,0.632,2.95,166.9,0.418,0.587,1497.0,0.319,1.0,1.0,4.0,37.0,0.361,0.139
BET-00588,0.745,51.48,1.032,3.84,3.1,0.496,0.546,961.0,0.343,1.0,4.0,6.0,53.0,0.329,0.359
BET-00589,0.355,33.77,0.963,2.38,162.5,0.545,0.405,710.0,0.419,1.0,2.0,2.0,37.0,0.546,0.348
BET-00590,0.535,37.33,1.475,3.91,65.3,0.471,0.302,613.0,0.362,2.0,2.0,4.0,35.0,0.5,0.205
BET-00591,0.44,18.11,1.65,2.48,104.5,0.616,0.477,1367.0,0.122,2.0,4.0,5.0,18.0,0.395,0.307
BET-00592,0.412,142.9,1.314,3.92,139.5,0.534,0.374,1248.0,0.536,3.0,5.0,4.0,42.0,0.417,0.248
BET-00593,0.47,66.4,0.574,1.76,60.4,0.304,0.521,1234.0,0.328,1.0,1.0,6.0,26.0,0.457,0.328
BET-00594,0.351,126.78,0.095,1.63,61.7,0.528,0.6,959.0,0.138,3.0,1.0,7.0,107.0,0.498,0.217
BET-00595,0.668,105.39,0.181,4.49,1.6,0.553,0.34,1342.0,0.486,3.0,2.0,1.0,50.0,0.456,0.261
BET-00596,0.491,36.87,0.524,4.11,95.2,0.666,0.298,512.0,0.43,1.0,6.0,3.0,8.0,0.455,0.117
BET-00597,0.477,34.56,0.97,4.15,57.3,0.465,0.307,1082.0,0.425,2.0,1.0,5.0,42.0,0.346,0.152
BET-00598,0.546,123.68,1.72,4.35,79.7,0.53,0.237,21.0,0.973,2.0,2.0,7.0,14.0,0.646,0.335
BET-00599,0.474,47.06,1.731,2.81,89.6,0.49,0.358,936.0,0.305,1.0,3.0,7.0,29.0,0.544,0.214
BET-00600,0.446,137.86,0.976,2.36,123.5,0.513,0.207,1497.0,0.368,1.0,2.0,6.0,52.0,0.358,0.111
BET-00601,0.502,29.61,1.334,1.89,168.5,0.327,0.246,1478.0,0.125,3.0,1.0,3.0,10.0,0.47,0.15
BET-00602,0.784,104.88,1.039,3.0,5.6,0.659,0.309,813.0,0.249,3.0,4.0,3.0,42.0,0.467,0.223
BET-00603,0.494,124.03,1.455,2.16,127.8,0.664,0.264,899.0,0.594,2.0,4.0,5.0,39.0,0.54,0.315
BET-00604,0.543,42.94,0.444,4.31,135.0,0.519,0.493,1355.0,0.431,1.0,2.0,4.0,53.0,0.544,0.209
BET-00605,0.506,48.67,0.043,1.51,78.3,0.523,0.242,1480.0,0.309,1.0,5.0,5.0,216.0,0.558,0.324
BET-00606,0.523,145.03,1.26,1.93,158.6,0.323,0.546,1188.0,0.211,3.0,1.0,7.0,49.0,0.579,0.357
BET-00607,0.373,47.04,0.726,2.24,62.7,0.539,0.288,182.0,0.473,2.0,5.0,5.0,30.0,0.341,0.202
BET-00608,0.496,70.19,1.332,2.1,46.0,0.472,0.243,545.0,0.23,2.0,2.0,4.0,29.0,0.422,0.34
BET-00609,0.864,70.55,0.892,2.18,2.4,0.584,0.204,1354.0,0.181,1.0,2.0,7.0,25.0,0.307,0.138
BET-00610,0.461,45.42,1.641,3.47,159.6,0.319,0.486,1173.0,0.177,3.0,2.0,4.0,26.0,0.482,0.225
BET-00611,0.481,118.61,1.547,2.48,75.5,0.584,0.303,4.0,0.889,2.0,6.0,5.0,34.0,0.472,0.129
BET-00612,0.702,118.06,0.076,3.35,131.3,0.415,0.404,1032.0,0.421,2.0,4.0,1.0,11.0,0.594,0.116
BET-00613,0.547,62.96,1.482,4.17,100.1,0.561,0.245,676.0,0.135,3.0,5.0,5.0,28.0,0.367,0.119
BET-00614,0.408,126.92,0.78,3.31,78.5,0.551,0.594,659.0,0.158,2.0,2.0,4.0,41.0,0.553,0.131
BET-00615,0.497,39.83,1.092,3.58,73.0,0.391,0.25,1231.0,0.417,3.0,1.0,2.0,32.0,0.423,0.351
BET-00616,0.889,10.6,0.111,2.6,7.8,0.476,0.365,504.0,0.386,2.0,1.0,3.0,182.0,0.453,0.263
BET-00617,0.419,89.96,1.605,1.98,112.4,0.634,0.541,1056.0,0.443,2.0,3.0,6.0,25.0,0.588,0.384
BET-00618,0.375,149.17,1.552,2.46,97.0,0.542,0.298,1114.0,0.189,3.0,2.0,3.0,29.0,0.329,0.261
BET-00619,0.358,15.41,1.663,4.39,106.8,0.327,0.307,1281.0,0.463,2.0,5.0,2.0,42.0,0.437,0.289
BET-00620,0.505,39.12,1.628,3.37,62.3,0.477,0.523,541.0,0.568,3.0,5.0,2.0,55.0,0.457,0.155
BET-00621,0.448,82.65,1.743,2.33,170.8,0.425,0.309,1136.0,0.401,1.0,2.0,2.0,35.0,0.586,0.262
BET-00622,0.547,123.39,0.72,2.85,125.8,0.557,0.201,240.0,0.198,3.0,3.0,4.0,42.0,0.38,0.216
BET-00623,0.753,22.47,1.705,4.01,6.5,0.546,0.371,285.0,0.44,2.0,3.0,4.0,9.0,0.679,0.379
BET-00624,0.546,65.33,1.2,3.51,46.4,0.304,0.205,18.0,0.976,1.0,5.0,5.0,57.0,0.699,0.38
BET-00625,0.432,114.59,0.991,3.18,123.4,0.543,0.564,168.0,0.125,1.0,4.0,5.0,22.0,0.628,0.16
BET-00626,0.509,62.02,1.185,4.16,157.4,0.594,0.457,1426.0,0.251,3.0,4.0,5.0,24.0,0.42,0.286
BET-00627,0.367,36.44,0.058,3.52,79.6,0.607,0.433,1362.0,0.553,2.0,1.0,7.0,90.0,0.566,0.291
BET-00628,0.461,37.37,0.804,3.43,59.3,0.324,0.281,159.0,0.306,3.0,3.0,3.0,10.0,0.333,0.269
BET-00629,0.704,67.41,0.2,2.07,69.8,0.421,0.48,1272.0,0.532,1.0,6.0,1.0,48.0,0.649,0.137
BET-00630,0.744,77.12,0.515,1.82,5.8,0.469,0.471,808.0,0.354,1.0,3.0,2.0,18.0,0.506,0.296
BET-00631,0.515,130.65,1.095,4.4,97.1,0.372,0.224,1080.0,0.358,3.0,2.0,7.0,21.0,0.371,0.34
BET-00632,0.357,99.92,1.643,3.3,78.9,0.468,0.552,1341.0,0.103,2.0,2.0,4.0,15.0,0.431,0.204
BET-00633,0.425,106.66,1.282,2.75,70.7,0.328,0.432,904.0,0.419,3.0,1.0,4.0,59.0,0.62,0.254
BET-00634,0.36,147.62,1.129,3.27,127.3,0.345,0.517,254.0,0.154,3.0,5.0,2.0,48.0,0.648,0.135
BET-00635,0.372,67.66,1.0,1.69,38.0,0.567,0.305,94.0,0.339,2.0,1.0,5.0,56.0,0.508,0.379
BET-00636,0.485,66.47,1.05,3.97,81.1,0.405,0.249,791.0,0.23,3.0,4.0,4.0,52.0,0.492,0.133
BET-00637,0.7,139.27,0.693,2.15,4.5,0.585,0.481,11.0,0.881,3.0,3.0,7.0,55.0,0.6,0.163
BET-00638,0.505,44.42,0.044,3.91,56.4,0.319,0.518,897.0,0.369,1.0,1.0,3.0,127.0,0.63,0.19
BET-00639,0.523,112.17,0.678,3.1,63.1,0.525,0.354,616.0,0.107,1.0,6.0,4.0,14.0,0.606,0.348
BET-00640,0.498,115.64,1.403,2.33,60.1,0.457,0.209,134.0,0.242,1.0,5.0,7.0,23.0,0.454,0.31
BET-00641,0.51,23.69,1.464,1.59,30.1,0.619,0.527,1380.0,0.595,3.0,5.0,6.0,21.0,0.557,0.102
BET-00642,0.36,75.55,1.205,3.95,101.1,0.614,0.282,551.0,0.129,1.0,6.0,6.0,44.0,0.643,0.155
BET-00643,0.397,38.08,1.608,2.03,35.8,0.45,0.336,1084.0,0.26,1.0,6.0,5.0,6.0,0.361,0.325
BET-00644,0.791,35.95,0.807,1.66,2.0,0.549,0.451,1069.0,0.261,2.0,5.0,7.0,13.0,0.455,0.221
BET-00645,0.522,74.94,1.634,3.77,179.2,0.391,0.24,448.0,0.29,1.0,4.0,3.0,43.0,0.323,0.108
BET-00646,0.678,50.52,0.12,2.55,167.8,0.532,0.229,180.0,0.442,1.0,5.0,2.0,12.0,0.464,0.389
BET-00647,0.453,121.45,1.518,2.67,62.3,0.333,0.21,633.0,0.224,3.0,3.0,5.0,8.0,0.609,0.145
BET-00648,0.485,137.06,1.33,2.24,76.5,0.474,0.567,537.0,0.33,3.0,2.0,4.0,11.0,0.379,0.253
BET-00649,0.356,122.38,0.088,4.08,99.6,0.373,0.325,1077.0,0.422,2.0,3.0,3.0,121.0,0.517,0.174
BET-00650,0.43,47.24,1.79,2.39,156.7,0.653,0.464,4.0,0.953,3.0,3.0,5.0,13.0,0.315,0.321
BET-00651,0.874,48.38,0.988,2.13,7.8,0.478,0.596,404.0,0.574,2.0,1.0,2.0,13.0,0.659,0.333
BET-00652,0.484,45.66,1.539,2.43,48.9,0.536,0.468,835.0,0.59,2.0,6.0,6.0,18.0,0.628,0.219
BET-00653,0.398,28.91,1.442,2.11,48.7,0.444,0.41,147.0,0.16,2.0,6.0,3.0,46.0,0.51,0.298
BET-00654,0.521,142.13,1.034,2.45,92.5,0.415,0.408,392.0,0.272,3.0,3.0,4.0,16.0,0.582,0.373
BET-00655,0.42,66.29,1.698,1.75,160.5,0.381,0.351,1164.0,0.204,1.0,3.0,3.0,7.0,0.342,0.344
BET-00656,0.521,41.46,0.952,1.98,162.3,0.665,0.44,1209.0,0.193,2.0,6.0,4.0,55.0,0.638,0.224
BET-00657,0.41,128.53,1.192,2.75,46.1,0.62,0.584,1185.0,0.345,1.0,3.0,4.0,53.0,0.586,0.232
BET-00658,0.892,65.89,0.548,4.14,5.1,0.353,0.515,291.0,0.382,3.0,5.0,3.0,15.0,0.348,0.366
BET-00659,0.429,14.92,0.716,1.67,53.4,0.599,0.37,867.0,0.313,2.0,4.0,7.0,20.0,0.692,0.11
BET-00660,0.405,32.67,0.109,2.14,132.9,0.467,0.333,686.0,0.236,1.0,2.0,6.0,156.0,0.309,0.107
BET-00661,0.527,99.5,0.955,4.23,167.5,0.306,0.553,1488.0,0.239,2.0,5.0,4.0,45.0,0.551,0.162
BET-00662,0.388,119.61,0.952,4.17,98.2,0.511,0.254,1012.0,0.596,2.0,2.0,2.0,19.0,0.369,0.348
BET-00663,0.662,39.53,0.169,3.54,42.5,0.352,0.54,20.0,0.973,1.0,2.0,2.0,56.0,0.588,0.146
BET-00664,0.418,138.44,1.088,2.22,116.9,0.384,0.302,295.0,0.138,3.0,5.0,6.0,51.0,0.328,0.186
BET-00665,0.776,129.14,1.528,2.76,2.3,0.578,0.486,726.0,0.428,2.0,5.0,5.0,37.0,0.332,0.289
BET-00666,0.511,128.77,1.653,2.13,151.6,0.403,0.522,1178.0,0.328,1.0,6.0,5.0,5.0,0.487,0.155
BET-00667,0.55,41.87,0.498,1.89,81.1,0.657,0.391,609.0,0.444,2.0,5.0,2.0,54.0,0.698,0.191
BET-00668,0.409,17.08,1.205,2.64,161.2,0.563,0.277,982.0,0.398,2.0,1.0,4.0,45.0,0.411,0.24
BET-00669,0.432,131.44,1.054,3.23,71.1,0.633,0.538,812.0,0.545,2.0,6.0,3.0,48.0,0.545,0.168
BET-00670,0.377,52.81,1.26,2.58,53.6,0.546,0.347,1489.0,0.133,1.0,3.0,5.0,9.0,0.507,0.398
BET-00671,0.465,96.65,0.057,3.33,76.0,0.648,0.328,335.0,0.275,3.0,1.0,7.0,219.0,0.637,0.149
BET-00672,0.84,116.4,0.958,2.39,2.0,0.445,0.404,1409.0,0.593,2.0,4.0,5.0,49.0,0.415,0.355
BET-00673,0.49,27.96,1.061,2.54,72.2,0.52,0.374,656.0,0.191,2.0,2.0,5.0,58.0,0.522,0.241
BET-00674,0.469,119.32,1.215,3.87,129.0,0.506,0.473,750.0,0.164,3.0,3.0,6.0,37.0,0.68,0.139
BET-00675,0.428,141.39,1.101,4.13,51.3,0.662,0.255,835.0,0.464,2.0,3.0,7.0,33.0,0.433,0.136
BET-00676,0.533,111.97,1.061,2.47,46.7,0.366,0.374,19.0,0.881,1.0,1.0,2.0,28.0,0.476,0.25
BET-00677,0.449,71.77,1.545,3.21,49.9,0.531,0.557,1449.0,0.436,2.0,6.0,3.0,44.0,0.656,0.206
BET-00678,0.377,132.73,1.444,2.33,41.6,0.602,0.214,1375.0,0.488,2.0,4.0,3.0,56.0,0.433,0.17
BET-00679,0.812,83.84,0.878,1.66,3.0,0.448,0.383,1462.0,0.447,1.0,6.0,6.0,38.0,0.452,0.388
BET-00680,0.693,114.27,0.128,3.71,171.6,0.647,0.464,1496.0,0.168,1.0,3.0,2.0,18.0,0.422,0.239
BET-00681,0.39,124.87,1.595,2.01,37.0,0.449,0.555,1034.0,0.404,1.0,4.0,6.0,6.0,0.624,0.379
BET-00682,0.354,114.91,0.095,2.78,144.0,0.369,0.438,727.0,0.488,3.0,5.0,4.0,146.0,0.672,0.149
BET-00683,0.441,50.3,1.216,2.96,140.6,0.534,0.53,1290.0,0.533,1.0,2.0,7.0,53.0,0.552,0.155
BET-00684,0.477,26.5,0.799,2.05,179.5,0.468,0.289,124.0,0.223,2.0,6.0,6.0,9.0,0.549,0.279
BET-00685,0.419,43.37,1.435,1.78,82.2,0.306,0.341,1267.0,0.164,3.0,2.0,2.0,27.0,0.456,0.181
BET-00686,0.838,80.4,0.734,2.54,1.9,0.328,0.577,791.0,0.491,2.0,6.0,7.0,57.0,0.305,0.155
BET-00687,0.542,80.74,1.34,4.36,98.0,0.378,0.554,1039.0,0.228,1.0,4.0,7.0,33.0,0.37,0.128
BET-00688,0.5,91.57,0.757,3.35,158.5,0.608,0.423,617.0,0.116,3.0,4.0,2.0,17.0,0.359,0.123
BET-00689,0.458,65.31,1.116,2.64,139.3,0.657,0.39,14.0,0.913,2.0,2.0,4.0,24.0,0.346,0.326
BET-00690,0.407,120.16,1.728,1.62,100.7,0.518,0.38,135.0,0.353,1.0,4.0,7.0,27.0,0.562,0.185
BET-00691,0.529,137.84,0.934,3.3,66.7,0.342,0.224,688.0,0.263,2.0,4.0,7.0,11.0,0.355,0.394
BET-00692,0.397,44.54,1.626,1.78,139.1,0.514,0.557,666.0,0.106,1.0,6.0,4.0,41.0,0.334,0.155
BET-00693,0.837,113.11,0.05,3.13,7.3,0.642,0.527,407.0,0.118,2.0,6.0,5.0,224.0,0.453,0.206
BET-00694,0.532,104.92,1.625,3.76,90.0,0.6,0.383,439.0,0.496,1.0,3.0,2.0,41.0,0.4,0.212
BET-00695,0.456,83.23,0.632,2.77,130.3,0.416,0.312,914.0,0.345,3.0,3.0,5.0,39.0,0.358,0.25
BET-00696,0.498,36.39,1.548,2.4,90.0,0.35,0.337,538.0,0.175,3.0,3.0,5.0,6.0,0.358,0.361
BET-00697,0.675,121.33,0.097,1.64,101.8,0.66,0.249,1261.0,0.279,3.0,3.0,2.0,15.0,0.402,0.35
BET-00698,0.481,144.49,0.951,1.57,108.7,0.642,0.489,247.0,0.183,3.0,1.0,3.0,14.0,0.515,0.103
BET-00699,0.41,111.06,1.619,2.79,146.4,0.321,0.423,904.0,0.156,1.0,1.0,6.0,10.0,0.603,0.223
BET-00700,0.866,138.5,1.364,4.15,5.8,0.629,0.294,316.0,0.238,1.0,5.0,4.0,45.0,0.641,0.348
BET-00701,0.414,147.79,1.146,2.23,96.7,0.339,0.449,835.0,0.375,3.0,2.0,3.0,12.0,0.601,0.1
BET-00702,0.381,59.29,0.943,3.22,81.3,0.325,0.592,22.0,0.95,2.0,3.0,4.0,42.0,0.551,0.26
BET-00703,0.525,99.35,1.537,3.55,86.0,0.603,0.249,996.0,0.272,2.0,5.0,4.0,15.0,0.663,0.178
BET-00704,0.407,76.35,0.048,1.68,50.1,0.515,0.383,693.0,0.339,3.0,4.0,3.0,249.0,0.508,0.224
BET-00705,0.462,148.13,1.056,1.96,74.5,0.466,0.398,808.0,0.31,2.0,3.0,5.0,14.0,0.553,0.226
BET-00706,0.508,23.13,1.649,2.49,43.0,0.662,0.267,345.0,0.164,3.0,5.0,7.0,33.0,0.465,0.218
BET-00707,0.887,67.73,0.722,3.51,3.4,0.636,0.413,743.0,0.119,3.0,1.0,6.0,41.0,0.431,0.368
BET-00708,0.438,132.58,0.639,2.82,55.1,0.323,0.442,616.0,0.118,1.0,3.0,3.0,50.0,0.433,0.261
BET-00709,0.445,49.77,1.3,3.7,82.0,0.546,0.263,1029.0,0.275,3.0,1.0,4.0,12.0,0.359,0.371
BET-00710,0.549,120.29,1.761,4.1,149.0,0.609,0.262,703.0,0.459,1.0,4.0,5.0,39.0,0.619,0.318
BET-00711,0.485,63.59,0.746,3.78,66.9,0.52,0.543,1189.0,0.166,1.0,1.0,6.0,48.0,0.322,0.205
BET-00712,0.513,147.2,0.75,4.48,121.8,0.693,0.325,691.0,0.493,3.0,6.0,6.0,22.0,0.57,0.248
BET-00713,0.531,133.69,0.595,3.76,165.2,0.574,0.452,422.0,0.458,3.0,4.0,4.0,9.0,0.646,0.217
BET-00714,0.715,52.18,0.175,4.06,2.4,0.342,0.451,476.0,0.102,1.0,2.0,2.0,14.0,0.499,0.349
BET-00715,0.387,117.83,0.06,4.0,59.1,0.379,0.536,14.0,0.88,2.0,4.0,5.0,90.0,0.328,0.156
BET-00716,0.462,57.16,1.104,3.69,81.7,0.63,0.496,851.0,0.198,2.0,3.0,2.0,54.0,0.471,0.381
BET-00717,0.37,94.89,1.787,3.91,118.6,0.699,0.536,1262.0,0.128,2.0,4.0,6.0,26.0,0.437,0.274
BET-00718,0.481,102.19,0.417,4.3,106.0,0.339,0.45,1174.0,0.366,3.0,2.0,7.0,34.0,0.694,0.284
BET-00719,0.541,126.14,1.179,2.93,52.3,0.34,0.38,707.0,0.12,1.0,4.0,6.0,47.0,0.577,0.255
BET-00720,0.453,13.42,1.117,3.41,97.0,0.605,0.357,367.0,0.501,3.0,1.0,4.0,25.0,0.589,0.266
BET-00721,0.725,40.82,1.53,3.04,0.8,0.326,0.352,1308.0,0.346,1.0,1.0,6.0,41.0,0.506,0.3
BET-00722,0.357,109.67,0.897,4.05,70.1,0.327,0.367,170.0,0.464,1.0,4.0,5.0,9.0,0.584,0.297
BET-00723,0.542,88.89,0.974,2.79,121.9,0.656,0.252,653.0,0.475,2.0,4.0,5.0,31.0,0.589,0.164
BET-00724,0.371,79.38,0.635,3.96,40.5,0.62,0.37,1298.0,0.353,1.0,2.0,7.0,10.0,0.327,0.275
BET-00725,0.358,17.73,1.437,3.9,80.5,0.653,0.356,644.0,0.563,2.0,1.0,3.0,19.0,0.389,0.206
BET-00726,0.399,58.76,0.035,4.39,150.6,0.56,0.214,256.0,0.595,2.0,3.0,6.0,115.0,0.305,0.291
BET-00727,0.363,131.11,0.591,2.25,68.9,0.429,0.31,465.0,0.28,2.0,6.0,6.0,44.0,0.504,0.264
BET-00728,0.851,14.32,0.951,3.63,3.1,0.663,0.501,13.0,0.916,1.0,5.0,5.0,42.0,0.65,0.154
BET-00729,0.453,65.5,1.65,3.77,91.5,0.419,0.431,304.0,0.282,3.0,1.0,2.0,46.0,0.544,0.32
BET-00730,0.413,142.32,0.404,4.31,77.5,0.41,0.522,1013.0,0.212,1.0,6.0,6.0,8.0,0.5,0.237
BET-00731,0.696,17.12,0.194,4.22,167.4,0.655,0.417,708.0,0.366,1.0,3.0,2.0,60.0,0.67,0.265
BET-00732,0.372,114.96,1.177,3.22,81.5,0.572,0.542,561.0,0.289,2.0,4.0,7.0,8.0,0.369,0.302
BET-00733,0.427,46.07,0.868,3.24,65.5,0.658,0.518,430.0,0.34,3.0,1.0,6.0,50.0,0.33,0.296
BET-00734,0.362,131.33,0.781,2.0,166.4,0.362,0.239,1251.0,0.482,2.0,2.0,4.0,46.0,0.667,0.325
BET-00735,0.829,114.45,1.044,4.42,6.0,0.681,0.591,649.0,0.237,3.0,5.0,4.0,38.0,0.661,0.162
BET-00736,0.391,134.0,0.654,2.27,132.3,0.545,0.206,1131.0,0.369,3.0,2.0,2.0,29.0,0.573,0.133
BET-00737,0.41,40.23,0.092,3.67,37.4,0.567,0.439,711.0,0.268,3.0,1.0,4.0,197.0,0.398,0.301
BET-00738,0.429,84.38,1.389,3.89,49.7,0.666,0.517,220.0,0.492,1.0,1.0,2.0,46.0,0.688,0.171
BET-00739,0.433,119.1,1.205,2.82,125.8,0.452,0.333,711.0,0.42,3.0,6.0,7.0,13.0,0.606,0.134
BET-00740,0.35,44.4,0.53,2.13,61.4,0.588,0.439,806.0,0.104,1.0,5.0,5.0,49.0,0.57,0.139
BET-00741,0.372,42.3,1.582,2.07,63.8,0.556,0.345,14.0,0.911,3.0,1.0,3.0,9.0,0.389,0.194
BET-00742,0.792,13.81,0.645,4.07,3.2,0.615,0.224,1241.0,0.185,3.0,6.0,6.0,33.0,0.505,0.398
BET-00743,0.35,144.19,1.471,3.03,72.9,0.659,0.203,1374.0,0.462,1.0,5.0,2.0,40.0,0.629,0.147
BET-00744,0.452,109.4,0.905,1.77,40.7,0.572,0.238,1199.0,0.384,1.0,3.0,5.0,50.0,0.644,0.19
BET-00745,0.448,98.98,1.496,3.65,35.5,0.327,0.239,912.0,0.301,3.0,4.0,2.0,30.0,0.525,0.376
BET-00746,0.417,114.16,0.689,2.25,96.5,0.373,0.444,853.0,0.447,1.0,2.0,2.0,18.0,0.509,0.389
BET-00747,0.436,84.43,0.661,4.13,122.6,0.682,0.41,999.0,0.528,3.0,2.0,3.0,32.0,0.579,0.169
BET-00748,0.678,76.66,0.114,2.43,160.3,0.687,0.382,496.0,0.489,2.0,5.0,2.0,140.0,0.511,0.364
BET-00749,0.722,72.93,0.446,2.1,2.7,0.687,0.477,1235.0,0.373,2.0,2.0,6.0,34.0,0.467,0.142
BET-00750,0.402,99.66,0.715,1.75,59.5,0.315,0.207,1298.0,0.461,3.0,3.0,7.0,30.0,0.334,0.328
BET-00751,0.414,38.21,1.414,3.03,109.5,0.453,0.308,467.0,0.307,1.0,3.0,6.0,48.0,0.35,0.104
BET-00752,0.398,134.33,1.572,2.85,84.6,0.604,0.511,1363.0,0.495,2.0,1.0,6.0,18.0,0.604,0.222
BET-00753,0.446,123.65,0.513,3.75,102.4,0.601,0.564,1287.0,0.515,3.0,5.0,5.0,16.0,0.31,0.174
BET-00754,0.487,58.94,1.635,2.89,168.6,0.334,0.375,11.0,0.933,1.0,5.0,4.0,31.0,0.321,0.311
BET-00755,0.396,91.01,1.517,2.53,111.7,0.544,0.233,1372.0,0.219,1.0,6.0,3.0,8.0,0.662,0.105
BET-00756,0.767,29.74,1.618,2.28,0.1,0.357,0.519,260.0,0.235,1.0,4.0,7.0,18.0,0.582,0.239
BET-00757,0.536,146.13,1.378,2.33,178.4,0.497,0.554,129.0,0.183,2.0,2.0,5.0,24.0,0.302,0.309
BET-00758,0.36,136.4,1.344,4.28,39.8,0.396,0.365,580.0,0.296,1.0,2.0,5.0,32.0,0.425,0.114
BET-00759,0.442,139.07,0.028,2.0,169.8,0.321,0.297,887.0,0.197,1.0,3.0,2.0,164.0,0.605,0.369
BET-00760,0.492,56.5,1.314,4.46,105.2,0.332,0.218,586.0,0.398,3.0,6.0,4.0,36.0,0.467,0.208
BET-00761,0.38,33.68,1.687,2.48,105.6,0.664,0.436,1418.0,0.151,2.0,2.0,6.0,53.0,0.488,0.15
BET-00762,0.359,39.65,0.541,1.77,168.3,0.598,0.564,449.0,0.235,2.0,5.0,4.0,35.0,0.484,0.168
BET-00763,0.738,22.6,0.842,2.25,4.0,0.673,0.471,487.0,0.433,2.0,1.0,5.0,21.0,0.381,0.202
BET-00764,0.534,26.82,0.501,1.68,95.8,0.488,0.327,985.0,0.299,3.0,6.0,6.0,8.0,0.589,0.16
BET-00765,0.713,19.98,0.136,3.87,70.9,0.465,0.457,95.0,0.311,2.0,4.0,1.0,13.0,0.341,0.253
BET-00766,0.388,148.58,1.023,3.04,128.8,0.443,0.533,1116.0,0.499,2.0,3.0,7.0,36.0,0.503,0.29
BET-00767,0.356,20.37,1.345,2.51,115.4,0.547,0.39,17.0,0.825,3.0,3.0,6.0,43.0,0.368,0.23
BET-00768,0.372,28.56,1.578,3.49,62.2,0.441,0.528,1469.0,0.383,1.0,3.0,4.0,8.0,0.319,0.228
BET-00769,0.474,125.82,1.787,3.39,136.4,0.599,0.357,1065.0,0.14,2.0,2.0,6.0,15.0,0.357,0.335
BET-00770,0.776,91.23,0.046,4.32,6.3,0.621,0.339,164.0,0.151,3.0,4.0,2.0,237.0,0.648,0.19
BET-00771,0.464,118.42,1.519,4.38,89.6,0.65,0.433,221.0,0.584,2.0,6.0,3.0,23.0,0.37,0.287
BET-00772,0.468,98.33,1.642,3.54,30.7,0.397,0.386,214.0,0.44,3.0,2.0,2.0,58.0,0.411,0.368
BET-00773,0.52,133.5,0.468,3.95,97.0,0.511,0.591,1433.0,0.476,3.0,5.0,5.0,16.0,0.355,0.166
BET-00774,0.351,99.39,1.456,3.88,30.9,0.389,0.407,1055.0,0.438,2.0,4.0,7.0,8.0,0.594,0.286
BET-00775,0.521,83.1,0.897,2.97,41.2,0.315,0.354,693.0,0.19,3.0,5.0,5.0,24.0,0.478,0.384
BET-00776,0.474,109.78,1.308,3.61,94.6,0.583,0.358,373.0,0.324,1.0,5.0,6.0,12.0,0.677,0.259
BET-00777,0.806,72.63,1.12,1.73,0.7,0.52,0.419,1322.0,0.499,1.0,1.0,2.0,12.0,0.566,0.393
BET-00778,0.505,58.45,0.764,3.77,71.3,0.59,0.342,374.0,0.533,3.0,1.0,7.0,27.0,0.513,0.193
BET-00779,0.521,75.47,0.589,4.39,128.3,0.335,0.489,1086.0,0.219,1.0,6.0,3.0,22.0,0.563,0.269
BET-00780,0.401,33.76,0.564,1.75,76.3,0.698,0.352,8.0,0.965,2.0,1.0,5.0,10.0,0.316,0.193
BET-00781,0.534,121.52,0.119,4.01,179.6,0.698,0.354,505.0,0.179,2.0,4.0,6.0,227.0,0.68,0.101
BET-00782,0.697,46.5,0.098,4.3,167.4,0.486,0.447,802.0,0.579,2.0,5.0,2.0,33.0,0.683,0.399
BET-00783,0.471,31.49,0.892,2.18,117.8,0.646,0.224,404.0,0.226,3.0,4.0,7.0,9.0,0.41,0.172
BET-00784,0.777,44.49,0.703,3.07,5.6,0.397,0.462,624.0,0.463,1.0,1.0,5.0,52.0,0.551,0.392
BET-00785,0.422,127.89,1.369,4.28,160.2,0.595,0.402,1451.0,0.216,2.0,1.0,5.0,21.0,0.381,0.296
BET-00786,0.513,56.23,1.362,4.38,77.8,0.652,0.381,1067.0,0.408,1.0,5.0,4.0,58.0,0.519,0.371
BET-00787,0.414,106.05,1.155,1.88,142.4,0.626,0.488,1284.0,0.43,1.0,6.0,5.0,56.0,0.608,0.39
BET-00788,0.51,129.9,1.709,2.55,50.5,0.625,0.503,852.0,0.264,1.0,3.0,6.0,29.0,0.676,0.27
BET-00789,0.47,20.88,0.94,3.59,132.7,0.485,0.539,427.0,0.509,3.0,4.0,5.0,18.0,0.436,0.4
BET-00790,0.393,117.1,1.57,2.16,103.7,0.628,0.35,1095.0,0.543,1.0,6.0,5.0,51.0,0.577,0.33
BET-00791,0.894,53.07,0.505,2.47,3.5,0.576,0.331,796.0,0.528,3.0,5.0,4.0,25.0,0.587,0.257
BET-00792,0.414,40.33,0.07,1.57,71.1,0.353,0.486,339.0,0.265,2.0,4.0,3.0,117.0,0.388,0.296
BET-00793,0.366,106.45,1.784,1.96,173.3,0.346,0.433,12.0,0.83,2.0,4.0,2.0,35.0,0.552,0.158
BET-00794,0.356,137.37,1.585,3.19,77.4,0.609,0.453,985.0,0.38,3.0,6.0,4.0,32.0,0.562,0.103
BET-00795,0.419,51.3,1.212,3.46,57.2,0.55,0.422,1127.0,0.396,3.0,5.0,4.0,52.0,0.606,0.177
BET-00796,0.354,89.64,1.277,3.45,58.1,0.508,0.509,433.0,0.339,1.0,3.0,5.0,45.0,0.7,0.23
BET-00797,0.383,50.58,0.895,3.84,101.9,0.663,0.276,1325.0,0.4,3.0,5.0,7.0,53.0,0.316,0.168
BET-00798,0.872,87.6,1.351,2.75,0.2,0.564,0.422,625.0,0.168,3.0,2.0,6.0,45.0,0.381,0.254
BET-00799,0.647,97.06,0.153,2.32,143.7,0.458,0.263,472.0,0.304,3.0,6.0,1.0,40.0,0.358,0.297
BET-00800,0.498,95.45,1.798,1.55,95.5,0.466,0.363,365.0,0.189,1.0,1.0,5.0,33.0,0.362,0.297
BET-00801,0.413,97.3,1.089,2.12,61.3,0.542,0.466,1224.0,0.24,2.0,2.0,7.0,59.0,0.482,0.368
BET-00802,0.528,28.91,0.486,2.44,36.9,0.604,0.397,589.0,0.164,2.0,3.0,7.0,58.0,0.651,0.39
BET-00803,0.469,107.1,0.068,2.03,99.4,0.526,0.352,772.0,0.206,2.0,2.0,2.0,128.0,0.479,0.367
BET-00804,0.375,104.47,0.567,1.56,152.2,0.504,0.554,404.0,0.491,2.0,4.0,5.0,48.0,0.567,0.286
BET-00805,0.78,105.56,0.743,1.97,4.4,0.591,0.509,1057.0,0.375,2.0,5.0,5.0,37.0,0.451,0.162
BET-00806,0.489,20.37,0.86,3.5,91.3,0.582,0.411,17.0,0.97,2.0,6.0,7.0,19.0,0.428,0.383
BET-00807,0.385,72.56,1.423,3.39,119.2,0.632,0.58,569.0,0.494,2.0,4.0,5.0,53.0,0.634,0.152
BET-00808,0.451,67.26,0.657,4.31,95.4,0.325,0.37,1423.0,0.555,3.0,4.0,2.0,6.0,0.562,0.145
BET-00809,0.548,22.14,0.632,3.89,116.9,0.602,0.515,133.0,0.54,3.0,4.0,3.0,18.0,0.44,0.195
BET-00810,0.351,41.13,0.463,3.2,107.6,0.506,0.267,277.0,0.512,1.0,1.0,2.0,27.0,0.666,0.272
BET-00811,0.353,71.73,1.623,1.91,132.1,0.33,0.314,920.0,0.596,2.0,5.0,3.0,37.0,0.499,0.304
BET-00812,0.766,114.01,1.371,3.19,4.7,0.572,0.335,1079.0,0.393,3.0,1.0,2.0,36.0,0.375,0.104
BET-00813,0.467,43.19,0.456,1.68,171.1,0.587,0.242,443.0,0.581,2.0,4.0,6.0,15.0,0.493,0.333
BET-00814,0.375,126.16,0.11,2.79,94.2,0.509,0.401,871.0,0.574,3.0,6.0,4.0,129.0,0.57,0.153
BET-00815,0.529,86.41,1.182,2.67,32.4,0.618,0.277,539.0,0.257,1.0,5.0,6.0,17.0,0.447,0.189
BET-00816,0.716,116.46,0.18,2.78,65.5,0.42,0.454,871.0,0.532,2.0,4.0,1.0,24.0,0.638,0.197
BET-00817,0.457,76.16,1.235,2.34,105.1,0.381,0.276,1020.0,0.496,3.0,2.0,5.0,6.0,0.513,0.2
BET-00818,0.474,79.89,1.008,3.56,111.1,0.44,0.249,1462.0,0.488,3.0,6.0,4.0,43.0,0.487,0.328
BET-00819,0.814,96.76,1.693,4.02,5.8,0.464,0.588,14.0,0.916,2.0,6.0,3.0,19.0,0.643,0.112
BET-00820,0.36,139.92,0.803,3.81,137.2,0.578,0.463,1004.0,0.292,2.0,3.0,6.0,24.0,0.485,0.159
BET-00821,0.469,78.85,1.351,3.38,71.2,0.638,0.575,905.0,0.3,2.0,1.0,5.0,23.0,0.466,0.107
BET-00822,0.409,84.01,0.476,3.12,129.7,0.588,0.396,538.0,0.42,3.0,4.0,6.0,33.0,0.341,0.333
BET-00823,0.483,94.28,1.738,1.59,135.6,0.37,0.213,447.0,0.469,2.0,4.0,2.0,52.0,0.445,0.395
BET-00824,0.517,113.25,1.773,3.67,91.7,0.446,0.43,1483.0,0.54,1.0,6.0,2.0,13.0,0.459,0.298
BET-00825,0.354,20.06,0.117,3.13,90.3,0.363,0.423,382.0,0.538,1.0,6.0,2.0,123.0,0.372,0.277
BET-00826,0.859,82.2,1.051,2.31,4.0,0.575,0.206,1204.0,0.461,2.0,2.0,6.0,43.0,0.535,0.372
BET-00827,0.396,77.42,0.708,2.48,92.1,0.399,0.544,297.0,0.578,3.0,2.0,5.0,7.0,0.358,0.176
BET-00828,0.525,139.04,1.538,4.31,148.0,0.51,0.448,1224.0,0.189,2.0,6.0,3.0,51.0,0.389,0.12
BET-00829,0.401,79.09,1.431,3.37,166.3,0.617,0.498,352.0,0.575,3.0,2.0,3.0,58.0,0.524,0.253
BET-00830,0.472,75.56,0.711,2.93,119.0,0.568,0.398,1454.0,0.132,3.0,3.0,5.0,38.0,0.408,0.178
BET-00831,0.461,144.71,1.032,3.36,74.9,0.419,0.447,1057.0,0.378,2.0,2.0,7.0,58.0,0.556,0.235
BET-00832,0.429,73.08,1.048,2.74,132.3,0.433,0.303,7.0,0.923,3.0,3.0,7.0,28.0,0.576,0.237
BET-00833,0.657,35.32,0.176,2.91,4.6,0.561,0.59,1067.0,0.384,2.0,4.0,2.0,28.0,0.421,0.196
BET-00834,0.495,40.37,1.357,2.37,79.8,0.52,0.36,941.0,0.295,2.0,2.0,6.0,11.0,0.335,0.246
BET-00835,0.463,23.33,1.3,2.82,154.0,0.339,0.265,566.0,0.141,3.0,3.0,2.0,7.0,0.496,0.214
BET-00836,0.502,10.08,0.111,3.56,41.1,0.65,0.222,458.0,0.424,2.0,3.0,7.0,190.0,0.337,0.134
BET-00837,0.547,70.47,0.779,1.62,31.6,0.505,0.454,1103.0,0.466,2.0,1.0,2.0,31.0,0.506,0.36
BET-00838,0.434,117.69,0.92,3.89,48.4,0.489,0.593,1135.0,0.187,2.0,5.0,4.0,33.0,0.59,0.31
BET-00839,0.453,112.69,0.464,2.35,53.4,0.379,0.558,551.0,0.447,3.0,6.0,6.0,17.0,0.548,0.112
BET-00840,0.861,14.5,1.502,3.55,2.2,0.451,0.481,1325.0,0.19,1.0,3.0,7.0,39.0,0.479,0.135
BET-00841,0.509,89.8,1.006,3.43,93.7,0.433,0.596,469.0,0.169,1.0,2.0,3.0,15.0,0.678,0.129
BET-00842,0.454,31.6,1.014,3.46,71.2,0.408,0.489,189.0,0.174,2.0,4.0,5.0,23.0,0.341,0.119
BET-00843,0.432,141.75,0.743,3.32,94.4,0.527,0.336,936.0,0.4,1.0,4.0,3.0,16.0,0.652,0.118
BET-00844,0.369,33.43,0.693,4.38,89.2,0.485,0.44,241.0,0.489,2.0,4.0,2.0,43.0,0.62,0.147
BET-00845,0.528,97.73,1.223,3.03,75.2,0.656,0.232,13.0,0.966,2.0,4.0,4.0,33.0,0.468,0.354
BET-00846,0.429,55.67,0.726,3.7,50.7,0.677,0.289,805.0,0.505,2.0,5.0,5.0,45.0,0.361,0.348
BET-00847,0.71,99.82,0.098,3.62,3.2,0.388,0.367,494.0,0.396,1.0,1.0,3.0,206.0,0.362,0.335
BET-00848,0.38,67.72,1.475,2.21,50.5,0.34,0.281,393.0,0.499,1.0,1.0,7.0,28.0,0.669,0.284
BET-00849,0.542,116.35,0.927,2.35,146.3,0.614,0.581,1081.0,0.588,2.0,1.0,5.0,58.0,0.393,0.317
BET-00850,0.694,42.3,0.178,2.77,60.3,0.698,0.598,861.0,0.295,3.0,1.0,2.0,8.0,0.65,0.322
BET-00851,0.39,136.81,1.004,2.33,139.7,0.645,0.348,1274.0,0.175,3.0,6.0,4.0,28.0,0.501,0.367
BET-00852,0.522,80.03,1.541,2.6,150.8,0.309,0.484,910.0,0.168,2.0,5.0,4.0,7.0,0.485,0.32
BET-00853,0.533,115.85,0.849,2.67,48.8,0.401,0.363,772.0,0.399,1.0,4.0,2.0,13.0,0.548,0.321
BET-00854,0.8,128.96,1.461,3.31,5.0,0.317,0.256,458.0,0.374,1.0,5.0,5.0,30.0,0.386,0.341
BET-00855,0.444,149.84,1.715,2.16,172.4,0.628,0.335,1207.0,0.192,2.0,1.0,6.0,14.0,0.471,0.267
BET-00856,0.497,41.35,1.325,3.91,99.5,0.533,0.293,368.0,0.541,1.0,2.0,4.0,34.0,0.675,0.164
BET-00857,0.526,50.16,1.004,2.81,124.5,0.505,0.331,432.0,0.578,3.0,5.0,4.0,56.0,0.395,0.125
BET-00858,0.426,45.06,0.105,3.62,33.5,0.522,0.286,5.0,0.879,2.0,3.0,7.0,199.0,0.669,0.226
BET-00859,0.453,46.8,1.041,1.74,71.8,0.401,0.245,1135.0,0.203,3.0,4.0,5.0,11.0,0.698,0.128
BET-00860,0.498,91.54,0.98,2.91,105.8,0.541,0.287,954.0,0.207,1.0,5.0,3.0,50.0,0.321,0.151
BET-00861,0.811,149.09,1.135,1.58,6.0,0.312,0.562,145.0,0.294,2.0,1.0,2.0,30.0,0.513,0.107
BET-00862,0.507,148.64,0.845,3.53,70.7,0.558,0.234,269.0,0.527,3.0,5.0,6.0,54.0,0.369,0.19
BET-00863,0.464,83.75,0.546,2.53,146.3,0.594,0.33,795.0,0.398,1.0,5.0,5.0,22.0,0.549,0.391
BET-00864,0.371,99.46,0.981,4.35,129.3,0.569,0.411,1142.0,0.134,3.0,3.0,5.0,40.0,0.696,0.214
BET-00865,0.531,130.4,0.573,2.47,47.3,0.433,0.342,744.0,0.336,2.0,3.0,3.0,56.0,0.659,0.172
BET-00866,0.523,140.61,0.975,3.19,74.0,0.631,0.407,114.0,0.145,2.0,1.0,3.0,14.0,0.67,0.221
BET-00867,0.698,38.54,0.132,2.27,65.7,0.586,0.217,350.0,0.303,2.0,2.0,2.0,49.0,0.385,0.19
BET-00868,0.868,84.0,1.703,3.36,2.1,0.351,0.459,920.0,0.302,3.0,2.0,6.0,40.0,0.517,0.302
BET-00869,0.391,126.6,0.082,2.9,125.3,0.378,0.425,1069.0,0.424,3.0,6.0,3.0,175.0,0.394,0.29
BET-00870,0.499,52.45,1.27,2.61,95.0,0.555,0.472,137.0,0.375,1.0,1.0,5.0,14.0,0.66,0.108
BET-00871,0.355,71.57,1.041,2.11,66.7,0.416,0.427,8.0,0.898,2.0,2.0,7.0,29.0,0.376,0.253
BET-00872,0.546,147.99,0.428,1.83,134.4,0.348,0.375,458.0,0.108,3.0,1.0,3.0,12.0,0.362,0.111
BET-00873,0.425,147.91,0.749,1.86,117.7,0.362,0.34,208.0,0.487,1.0,2.0,3.0,58.0,0.305,0.303
BET-00874,0.494,136.85,0.566,4.5,107.9,0.366,0.291,854.0,0.111,2.0,1.0,3.0,8.0,0.373,0.381
BET-00875,0.81,121.78,0.704,2.74,6.5,0.491,0.4,264.0,0.252,3.0,2.0,7.0,9.0,0.376,0.372
BET-00876,0.429,47.68,0.784,1.51,63.3,0.543,0.21,1004.0,0.54,1.0,5.0,5.0,54.0,0.331,0.162
BET-00877,0.414,54.92,0.962,4.36,132.1,0.371,0.331,1186.0,0.445,2.0,5.0,7.0,22.0,0.647,0.323
BET-00878,0.472,86.62,1.141,1.56,88.1,0.585,0.471,1458.0,0.186,2.0,3.0,7.0,38.0,0.612,0.338
BET-00879,0.466,88.51,0.401,2.76,84.5,0.412,0.243,1427.0,0.345,1.0,5.0,4.0,21.0,0.402,0.359
BET-00880,0.432,80.77,0.066,3.65,52.5,0.425,0.225,475.0,0.461,1.0,4.0,2.0,94.0,0.613,0.178
BET-00881,0.47,99.13,0.531,4.24,119.5,0.389,0.461,131.0,0.569,2.0,6.0,3.0,16.0,0.469,0.235
BET-00882,0.797,67.17,1.17,3.64,6.7,0.614,0.359,554.0,0.417,1.0,5.0,5.0,30.0,0.61,0.166
BET-00883,0.444,114.88,0.861,2.89,81.0,0.684,0.521,1089.0,0.112,3.0,2.0,4.0,34.0,0.429,0.107
BET-00884,0.636,56.7,0.188,4.42,159.0,0.497,0.575,16.0,0.871,2.0,4.0,1.0,23.0,0.526,0.298
BET-00885,0.425,56.29,0.711,1.62,156.8,0.317,0.583,597.0,0.176,3.0,5.0,7.0,19.0,0.453,0.229
BET-00886,0.429,27.81,0.434,4.46,46.4,0.404,0.37,510.0,0.124,2.0,2.0,3.0,13.0,0.375,0.174
BET-00887,0.376,36.42,1.718,4.05,134.3,0.363,0.306,399.0,0.399,1.0,4.0,5.0,44.0,0.534,0.354
BET-00888,0.383,129.07,0.552,4.29,89.1,0.637,0.443,1086.0,0.488,2.0,3.0,7.0,14.0,0.6,0.249
BET-00889,0.787,72.48,0.578,2.26,5.9,0.334,0.451,1019.0,0.118,3.0,2.0,5.0,21.0,0.601,0.398
BET-00890,0.418,41.9,0.605,1.93,63.8,0.687,0.449,845.0,0.492,2.0,2.0,6.0,24.0,0.443,0.338
BET-00891,0.541,116.31,0.104,3.49,72.1,0.535,0.329,1374.0,0.453,1.0,1.0,2.0,90.0,0.507,0.361
BET-00892,0.399,87.56,1.265,3.05,96.3,0.507,0.226,235.0,0.476,1.0,5.0,6.0,44.0,0.606,0.332
BET-00893,0.37,12.96,1.254,3.07,70.3,0.639,0.284,301.0,0.222,2.0,5.0,7.0,29.0,0.322,0.132
BET-00894,0.501,54.29,1.781,4.27,133.8,0.311,0.262,631.0,0.297,3.0,4.0,7.0,53.0,0.329,0.12
BET-00895,0.526,34.78,0.524,3.36,102.1,0.611,0.25,1015.0,0.16,2.0,2.0,2.0,42.0,0.45,0.375
BET-00896,0.858,101.82,1.764,2.43,5.8,0.347,0.571,914.0,0.219,1.0,1.0,3.0,51.0,0.389,0.141
BET-00897,0.39,48.5,0.686,2.7,106.0,0.636,0.206,23.0,0.964,1.0,4.0,2.0,44.0,0.45,0.217
BET-00898,0.387,19.09,1.272,1.9,163.3,0.512,0.441,1441.0,0.26,2.0,2.0,7.0,13.0,0.338,0.283
BET-00899,0.454,17.69,0.988,2.08,148.9,0.324,0.579,520.0,0.188,2.0,4.0,3.0,59.0,0.537,0.164
BET-00900,0.444,91.44,0.938,1.93,104.8,0.633,0.344,596.0,0.194,1.0,6.0,5.0,48.0,0.569,0.168
BET-00901,0.639,13.04,0.167,3.93,73.3,0.311,0.411,969.0,0.551,3.0,1.0,1.0,36.0,0.617,0.24
BET-00902,0.359,128.83,0.051,3.61,57.0,0.355,0.478,1423.0,0.492,1.0,4.0,6.0,239.0,0.56,0.208
BET-00903,0.82,31.76,1.796,3.09,4.3,0.619,0.327,1024.0,0.272,1.0,6.0,7.0,14.0,0.459,0.303
BET-00904,0.542,94.92,0.931,2.62,136.5,0.486,0.391,1436.0,0.574,2.0,3.0,3.0,39.0,0.674,0.123
BET-00905,0.481,72.26,1.308,3.51,115.8,0.653,0.527,355.0,0.219,3.0,5.0,6.0,28.0,0.591,0.247
BET-00906,0.449,72.0,1.755,3.94,161.9,0.554,0.498,963.0,0.303,2.0,5.0,3.0,42.0,0.511,0.152
BET-00907,0.372,20.05,0.481,4.14,48.3,0.549,0.523,1259.0,0.507,3.0,3.0,3.0,25.0,0.383,0.282
BET-00908,0.4,122.39,1.692,3.14,132.4,0.417,0.595,808.0,0.321,1.0,2.0,2.0,33.0,0.56,0.135
BET-00909,0.409,135.03,1.195,3.96,62.5,0.353,0.348,601.0,0.217,2.0,5.0,4.0,15.0,0.537,0.159
BET-00910,0.883,11.54,1.386,3.03,7.0,0.684,0.499,19.0,0.961,1.0,4.0,5.0,14.0,0.573,0.341
BET-00911,0.525,35.0,0.609,2.92,99.8,0.342,0.441,289.0,0.35,1.0,3.0,6.0,9.0,0.612,0.171
BET-00912,0.53,136.55,1.147,4.1,88.1,0.512,0.467,669.0,0.41,2.0,2.0,7.0,50.0,0.666,0.321
BET-00913,0.547,86.93,0.031,2.66,171.2,0.409,0.496,1321.0,0.303,1.0,5.0,5.0,209.0,0.68,0.182
BET-00914,0.546,31.01,1.039,2.69,78.6,0.406,0.5,1360.0,0.316,1.0,2.0,4.0,57.0,0.552,0.171
BET-00915,0.541,38.39,0.617,2.41,152.2,0.538,0.554,1472.0,0.232,1.0,1.0,3.0,46.0,0.686,0.19
BET-00916,0.364,102.4,0.742,3.06,142.3,0.619,0.34,1338.0,0.368,3.0,1.0,7.0,47.0,0.665,0.364
BET-00917,0.893,111.47,1.596,3.13,0.4,0.611,0.461,162.0,0.21,2.0,3.0,4.0,33.0,0.301,0.219
BET-00918,0.699,93.92,0.083,3.48,168.1,0.648,0.312,1401.0,0.534,2.0,1.0,2.0,50.0,0.555,0.173
BET-00919,0.461,143.44,1.392,2.79,91.2,0.417,0.438,694.0,0.474,3.0,3.0,5.0,57.0,0.371,0.261
BET-00920,0.369,79.17,1.799,2.15,88.5,0.486,0.5,1009.0,0.305,2.0,2.0,7.0,45.0,0.418,0.216
BET-00921,0.519,52.04,0.41,4.1,54.1,0.304,0.516,646.0,0.474,3.0,3.0,7.0,11.0,0.419,0.337
BET-00922,0.473,76.81,0.625,2.54,71.4,0.599,0.368,1237.0,0.103,2.0,5.0,6.0,41.0,0.493,0.397
BET-00923,0.458,60.35,1.344,4.27,162.0,0.421,0.403,5.0,0.863,1.0,3.0,5.0,12.0,0.304,0.258
BET-00924,0.765,41.42,0.108,2.12,2.6,0.525,0.334,1282.0,0.32,1.0,4.0,2.0,193.0,0.394,0.236
BET-00925,0.401,16.43,1.226,3.18,81.2,0.368,0.268,363.0,0.335,1.0,1.0,2.0,43.0,0.312,0.203
BET-00926,0.382,59.31,1.358,3.11,62.4,0.628,0.304,351.0,0.474,1.0,1.0,5.0,51.0,0.56,0.392
BET-00927,0.52,109.6,1.223,3.99,102.7,0.627,0.565,711.0,0.581,1.0,6.0,6.0,14.0,0.656,0.245
BET-00928,0.467,12.58,0.911,1.92,137.5,0.651,0.324,97.0,0.29,2.0,4.0,6.0,9.0,0.699,0.153
BET-00929,0.497,71.48,1.376,4.23,73.0,0.318,0.59,1067.0,0.275,3.0,1.0,3.0,54.0,0.479,0.391
BET-00930,0.409,100.16,1.232,3.09,143.7,0.697,0.297,507.0,0.405,1.0,4.0,5.0,12.0,0.404,0.388
BET-00931,0.847,95.46,0.691,3.26,0.1,0.399,0.489,876.0,0.241,1.0,1.0,7.0,7.0,0.641,0.231
BET-00932,0.431,118.73,1.188,3.03,148.1,0.424,0.43,189.0,0.171,3.0,1.0,2.0,45.0,0.345,0.204
BET-00933,0.502,123.47,1.635,1.61,67.6,0.4,0.479,331.0,0.581,1.0,3.0,4.0,52.0,0.69,0.304
BET-00934,0.504,109.64,1.334,2.99,124.7,0.407,0.458,968.0,0.505,3.0,4.0,7.0,33.0,0.586,0.349
BET-00935,0.715,24.39,0.178,2.29,53.1,0.521,0.483,521.0,0.579,2.0,4.0,2.0,134.0,0.502,0.25
BET-00936,0.538,76.5,0.85,2.53,84.6,0.396,0.562,12.0,0.976,3.0,5.0,3.0,24.0,0.339,0.199
BET-00937,0.374,94.48,0.52,3.45,138.7,0.458,0.425,413.0,0.109,2.0,2.0,4.0,18.0,0.307,0.19
BET-00938,0.703,44.38,0.742,2.99,2.6,0.562,0.227,393.0,0.319,2.0,2.0,6.0,47.0,0.518,0.198
BET-00939,0.37,15.96,0.416,1.78,58.2,0.634,0.308,968.0,0.567,1.0,4.0,3.0,52.0,0.466,0.135
BET-00940,0.403,41.3,1.781,1.72,158.8,0.577,0.483,326.0,0.169,2.0,6.0,6.0,23.0,0.637,0.334
BET-00941,0.519,73.69,0.711,2.06,38.0,0.538,0.398,601.0,0.159,3.0,5.0,3.0,20.0,0.557,0.131
BET-00942,0.386,67.95,1.541,2.07,119.3,0.359,0.419,1060.0,0.134,3.0,5.0,4.0,20.0,0.473,0.219
BET-00943,0.433,34.73,0.636,3.32,177.6,0.626,0.439,814.0,0.483,1.0,1.0,5.0,8.0,0.39,0.35
BET-00944,0.44,125.42,0.797,2.03,109.7,0.315,0.353,932.0,0.493,1.0,6.0,2.0,20.0,0.492,0.221
BET-00945,0.855,139.6,0.986,4.15,2.9,0.406,0.51,444.0,0.448,1.0,6.0,6.0,6.0,0.365,0.188
BET-00946,0.492,38.19,0.112,2.13,119.3,0.323,0.489,1405.0,0.127,3.0,4.0,6.0,117.0,0.567,0.384
BET-00947,0.52,140.14,1.518,1.77,147.5,0.567,0.486,674.0,0.462,1.0,3.0,7.0,19.0,0.542,0.138
BET-00948,0.525,12.5,1.741,4.13,128.3,0.447,0.486,495.0,0.324,3.0,4.0,3.0,43.0,0.624,0.365
BET-00949,0.418,139.49,1.625,2.39,133.7,0.561,0.556,21.0,0.852,2.0,4.0,4.0,35.0,0.48,0.119
BET-00950,0.456,143.27,0.615,2.78,64.2,0.439,0.438,1014.0,0.248,1.0,6.0,7.0,51.0,0.411,0.224
BET-00951,0.4,11.69,1.487,4.38,141.3,0.482,0.587,956.0,0.351,3.0,1.0,2.0,58.0,0.635,0.29
BET-00952,0.679,116.82,0.192,4.33,3.6,0.483,0.248,1340.0,0.265,3.0,4.0,1.0,25.0,0.576,0.211
BET-00953,0.382,145.83,1.679,3.64,177.1,0.318,0.453,173.0,0.585,2.0,5.0,4.0,10.0,0.583,0.26
BET-00954,0.538,136.83,1.125,1.71,64.2,0.472,0.487,1271.0,0.337,3.0,3.0,4.0,46.0,0.511,0.161
BET-00955,0.528,145.9,0.871,3.28,65.5,0.556,0.391,1046.0,0.286,3.0,6.0,4.0,6.0,0.65,0.271
BET-00956,0.505,87.05,0.62,4.47,158.8,0.518,0.315,598.0,0.437,2.0,1.0,6.0,17.0,0.391,0.14
BET-00957,0.454,20.94,0.021,4.34,66.4,0.33,0.42,451.0,0.425,1.0,1.0,3.0,90.0,0.461,0.339
BET-00958,0.448,128.97,0.747,1.82,84.1,0.567,0.346,238.0,0.101,3.0,5.0,7.0,54.0,0.618,0.275
BET-00959,0.713,95.94,1.68,2.69,6.6,0.424,0.564,1417.0,0.409,3.0,1.0,7.0,5.0,0.353,0.245
BET-00960,0.457,96.06,1.516,2.45,53.8,0.306,0.343,290.0,0.222,3.0,3.0,3.0,32.0,0.623,0.116
BET-00961,0.437,68.42,1.758,1.89,53.9,0.362,0.27,456.0,0.288,3.0,2.0,7.0,28.0,0.441,0.25
BET-00962,0.376,90.06,0.541,3.58,103.0,0.499,0.431,8.0,0.873,2.0,5.0,3.0,41.0,0.35,0.269
BET-00963,0.375,31.5,1.229,2.32,66.6,0.424,0.358,1091.0,0.379,2.0,1.0,2.0,21.0,0.332,0.18
BET-00964,0.54,113.57,0.76,2.53,65.3,0.578,0.238,317.0,0.284,3.0,3.0,4.0,53.0,0.637,0.303
BET-00965,0.446,20.5,1.16,1.77,31.4,0.396,0.426,1238.0,0.184,3.0,6.0,6.0,45.0,0.611,0.123
BET-00966,0.822,112.17,0.849,2.99,4.7,0.609,0.415,810.0,0.353,1.0,3.0,7.0,29.0,0.415,0.163
BET-00967,0.383,128.86,0.797,1.97,77.7,0.415,0.269,1286.0,0.26,2.0,4.0,5.0,25.0,0.347,0.321
BET-00968,0.461,76.15,0.061,2.8,34.7,0.548,0.439,213.0,0.556,2.0,6.0,6.0,81.0,0.399,0.144
BET-00969,0.694,81.38,0.117,1.93,123.2,0.62,0.427,150.0,0.367,3.0,4.0,2.0,47.0,0.385,0.174
BET-00970,0.401,53.71,1.057,4.36,124.0,0.454,0.509,988.0,0.533,3.0,5.0,7.0,27.0,0.593,0.295
BET-00971,0.356,145.72,1.311,1.93,40.6,0.319,0.345,302.0,0.295,1.0,6.0,5.0,24.0,0.386,0.319
BET-00972,0.374,112.64,0.579,3.07,77.6,0.514,0.3,830.0,0.514,3.0,4.0,2.0,7.0,0.386,0.115
BET-00973,0.747,61.66,1.703,2.09,5.7,0.698,0.58,110.0,0.128,2.0,5.0,2.0,9.0,0.313,0.138
BET-00974,0.414,34.47,1.108,1.73,117.3,0.688,0.424,1190.0,0.249,1.0,4.0,3.0,8.0,0.539,0.234
BET-00975,0.472,40.74,1.547,2.11,91.8,0.388,0.211,3.0,0.965,2.0,5.0,2.0,6.0,0.576,0.278
BET-00976,0.443,74.95,1.315,1.66,99.8,0.602,0.528,1273.0,0.116,1.0,4.0,3.0,13.0,0.561,0.236
BET-00977,0.43,141.96,1.394,1.92,61.2,0.438,0.279,1441.0,0.559,3.0,3.0,7.0,52.0,0.527,0.294
BET-00978,0.456,112.78,1.403,2.98,151.8,0.364,0.514,1363.0,0.458,3.0,4.0,3.0,49.0,0.686,0.327
BET-00979,0.387,40.13,0.115,3.46,167.1,0.566,0.482,716.0,0.413,3.0,3.0,5.0,80.0,0.489,0.385
BET-00980,0.792,130.34,1.259,1.76,3.3,0.5,0.588,652.0,0.366,2.0,3.0,7.0,39.0,0.644,0.205
BET-00981,0.514,62.95,0.79,2.82,63.6,0.516,0.586,1354.0,0.385,2.0,2.0,3.0,39.0,0.558,0.149
BET-00982,0.498,129.24,0.539,3.24,76.6,0.631,0.31,1397.0,0.419,2.0,3.0,6.0,12.0,0.334,0.179
BET-00983,0.444,43.84,1.249,2.2,54.1,0.435,0.507,1462.0,0.513,3.0,3.0,4.0,43.0,0.624,0.144
BET-00984,0.381,96.61,0.493,2.62,76.1,0.567,0.327,1173.0,0.398,1.0,4.0,3.0,20.0,0.534,0.218
BET-00985,0.534,139.73,0.738,1.72,79.9,0.446,0.452,375.0,0.474,3.0,3.0,7.0,34.0,0.561,0.362
BET-00986,0.674,46.11,0.176,2.16,125.0,0.317,0.439,1422.0,0.24,2.0,3.0,1.0,58.0,0.372,0.204
BET-00987,0.741,107.01,1.168,2.9,0.6,0.451,0.222,1425.0,0.588,2.0,1.0,4.0,53.0,0.475,0.145
BET-00988,0.418,148.22,0.624,4.47,167.9,0.68,0.202,18.0,0.919,3.0,3.0,6.0,18.0,0.652,0.257
BET-00989,0.509,31.08,1.255,4.49,45.5,0.493,0.223,1299.0,0.293,1.0,3.0,7.0,46.0,0.386,0.398
BET-00990,0.475,22.38,0.103,4.44,31.0,0.343,0.251,881.0,0.541,1.0,6.0,6.0,224.0,0.3,0.156
BET-00991,0.5,104.39,1.551,2.77,158.2,0.575,0.303,1421.0,0.19,1.0,3.0,7.0,6.0,0.403,0.333
BET-00992,0.509,57.56,0.833,1.74,135.6,0.685,0.563,222.0,0.171,3.0,1.0,3.0,7.0,0.495,0.347
BET-00993,0.392,19.97,1.169,2.47,83.3,0.663,0.407,1308.0,0.283,1.0,2.0,4.0,14.0,0.629,0.22
BET-00994,0.826,76.54,1.188,2.21,4.3,0.529,0.519,168.0,0.314,2.0,5.0,3.0,43.0,0.557,0.286
BET-00995,0.438,115.53,1.062,1.54,63.5,0.451,0.535,568.0,0.567,1.0,1.0,6.0,25.0,0.668,0.23
BET-00996,0.478,49.92,1.317,1.79,55.3,0.532,0.494,281.0,0.518,3.0,1.0,6.0,6.0,0.482,0.179
BET-00997,0.35,56.91,0.694,2.86,100.7,0.626,0.357,766.0,0.332,3.0,3.0,5.0,59.0,0.456,0.228
BET-00998,0.549,128.4,1.771,2.52,83.0,0.644,0.546,417.0,0.586,2.0,3.0,5.0,34.0,0.393,0.129
BET-00999,0.406,82.81,0.537,2.04,122.3,0.628,0.497,1432.0,0.421,1.0,3.0,6.0,27.0,0.387,0.312
