customer_id,days_since_last_call,days_since_last_data,data_gb_last_30d,data_gb_prev_30d,calls_last_30d,calls_prev_30d,sms_last_30d,avg_monthly_spend,tenure_months,contract_months_remaining,support_tickets_90d,payment_delays_12m,plan_changed_6m,num_lines,roaming_days_30d,churned
MVNO-00001,13,0,45.71,30.02,107,136,96,98.79,7,0,8,6,1,5,10,0
MVNO-00002,33,16,7.43,39.72,152,57,107,93.39,55,7,2,3,0,1,8,0
MVNO-00003,37,22,34.05,37.78,61,52,40,17.04,47,12,6,2,0,2,6,1
MVNO-00004,14,16,40.82,44.68,184,26,53,43.68,32,22,1,0,0,2,13,0
MVNO-00005,5,11,12.15,40.39,162,0,141,64.18,31,18,7,2,1,1,6,0
MVNO-00006,40,24,14.17,12.74,183,100,127,77.53,61,19,1,6,1,1,10,0
MVNO-00007,6,11,48.24,28.02,148,197,61,111.52,7,13,2,3,1,1,17,0
MVNO-00008,26,21,13.6,15.22,129,44,36,54.44,50,2,4,6,0,3,7,1
MVNO-00009,10,13,21.78,16.82,105,88,45,106.88,15,9,3,3,1,1,0,0
MVNO-00010,5,0,21.91,46.63,185,187,80,32.16,7,24,1,3,0,1,18,0
MVNO-00011,34,15,13.03,34.25,169,154,85,53.98,38,1,5,3,0,1,5,1
MVNO-00012,6,1,38.9,48.74,83,0,27,20.49,70,21,0,3,0,4,16,0
MVNO-00013,30,27,38.71,21.14,17,100,9,92.96,53,17,8,0,1,4,16,0
MVNO-00014,31,18,19.23,27.1,0,28,74,30.82,55,7,0,0,1,5,11,0
MVNO-00015,2,11,41.84,24.61,46,49,119,41.99,51,19,3,3,1,1,1,0
MVNO-00016,7,14,11.05,5.81,12,49,22,96.4,56,20,8,4,1,2,19,0
MVNO-00017,35,18,0.71,12.22,42,122,61,71.15,37,1,1,3,0,3,14,0
MVNO-00018,22,7,28.77,26.62,21,39,24,16.47,10,2,0,3,1,4,8,0
MVNO-00019,5,8,49.71,3.84,196,50,36,15.23,60,16,6,2,0,1,17,0
MVNO-00020,44,12,2.41,46.61,19,45,91,68.62,32,24,0,4,1,2,16,0
MVNO-00021,11,7,10.8,6.63,125,71,42,47.02,36,0,8,4,0,3,15,1
MVNO-00022,0,22,26.19,10.3,70,131,39,33.93,27,16,4,0,1,1,3,0
MVNO-00023,41,3,40.59,38.38,34,79,149,79.43,13,3,7,3,1,2,13,1
MVNO-00024,0,24,4.91,5.3,140,65,25,38.99,66,16,2,4,1,4,6,0
MVNO-00025,24,10,20.06,45.06,194,103,28,77.18,56,15,1,5,1,3,1,0
MVNO-00026,44,16,37.48,36.42,158,123,139,54.82,46,2,8,2,0,3,7,1
MVNO-00027,26,4,18.89,3.9,195,3,82,34.61,29,17,6,6,0,3,2,1
MVNO-00028,26,11,9.85,34.75,118,178,6,29.5,59,22,8,4,1,5,2,0
MVNO-00029,17,22,10.18,31.77,134,183,63,39.87,39,21,2,3,1,3,15,0
MVNO-00030,5,8,20.8,37.99,29,120,84,18.13,32,0,3,4,0,3,10,0
MVNO-00031,25,3,24.23,41.5,170,114,37,47.35,32,6,5,6,1,5,8,1
MVNO-00032,40,15,43.16,36.06,149,138,82,109.71,17,6,4,1,0,1,4,1
MVNO-00033,4,4,32.29,29.52,50,88,97,102.29,7,11,2,1,1,1,16,0
MVNO-00034,39,9,34.67,16.46,70,73,37,54.06,40,3,3,3,0,3,13,1
MVNO-00035,18,13,49.16,35.02,122,70,121,75.46,64,21,5,0,0,2,12,0
MVNO-00036,24,16,20.89,47.87,2,31,67,74.57,5,19,0,5,1,2,3,1
MVNO-00037,7,19,20.47,29.58,163,168,144,102.02,61,20,3,6,1,1,2,0
MVNO-00038,27,20,46.21,33.39,56,64,13,39.81,59,4,2,4,1,5,2,0
MVNO-00039,8,25,12.67,22.14,14,56,48,46.12,20,0,0,6,1,4,0,0
MVNO-00040,12,1,36.63,37.93,66,192,108,46.69,45,22,1,0,1,4,20,0
MVNO-00041,32,10,37.85,49.88,167,101,134,19.29,12,7,4,4,0,1,7,1
MVNO-00042,2,0,5.34,8.44,54,124,33,48.04,54,16,0,3,1,2,13,0
MVNO-00043,20,0,23.68,10.52,107,49,147,107.18,50,22,3,1,1,4,20,0
MVNO-00044,26,6,10.43,27.2,162,55,29,110.76,26,0,5,2,1,3,19,0
MVNO-00045,5,17,9.68,24.33,6,145,62,26.51,5,0,7,3,1,4,6,0
MVNO-00046,13,26,23.46,28.79,151,90,47,63.1,69,0,0,4,0,4,10,0
MVNO-00047,15,23,14.83,2.93,57,29,63,55.04,32,3,3,1,1,3,9,0
MVNO-00048,29,19,39.9,20.51,139,167,135,66.38,64,1,0,4,1,4,0,0
MVNO-00049,43,23,45.43,29.36,37,80,109,73.25,49,20,3,6,0,2,16,1
MVNO-00050,37,5,40.23,29.47,27,133,119,17.13,56,15,4,0,1,1,12,0
MVNO-00051,8,25,13.67,33.04,157,68,38,103.44,54,24,7,6,0,5,7,0
MVNO-00052,0,26,14.07,36.15,161,112,142,117.23,14,20,3,4,1,1,11,0
MVNO-00053,2,2,13.11,32.26,196,155,65,83.61,26,24,8,2,1,2,15,0
MVNO-00054,26,14,7.18,39.62,135,177,97,84.35,34,5,1,5,0,1,0,0
MVNO-00055,7,24,47.22,31.43,93,41,104,70.44,36,7,0,4,1,2,13,0
MVNO-00056,10,14,20.4,27.11,38,134,99,50.1,4,21,0,5,0,2,18,0
MVNO-00057,38,25,11.62,30.51,59,182,90,30.64,39,6,3,0,1,1,15,1
MVNO-00058,39,28,42.41,5.51,129,128,72,76.33,11,1,1,0,1,3,13,1
MVNO-00059,37,14,20.26,14.02,69,28,97,19.72,53,16,0,4,0,5,1,0
MVNO-00060,11,1,2.24,26.61,96,37,135,101.57,49,20,2,2,0,1,15,0
MVNO-00061,27,10,8.52,43.71,33,40,58,59.2,66,24,8,1,0,5,15,0
MVNO-00062,27,6,32.14,34.11,87,21,76,58.55,53,23,7,2,0,3,10,0
MVNO-00063,8,14,39.25,4.98,47,150,27,49.35,27,3,0,5,0,3,12,0
MVNO-00064,24,17,10.94,29.82,22,193,53,116.78,69,19,8,1,0,3,12,0
MVNO-00065,23,13,45.91,11.48,26,103,115,33.37,30,21,1,6,0,2,2,0
MVNO-00066,17,5,42.62,36.83,103,119,96,30.89,24,17,3,2,0,1,5,0
MVNO-00067,33,9,42.49,41.46,73,154,31,32.38,65,20,2,1,0,3,16,0
MVNO-00068,30,20,11.77,29.88,19,83,81,84.15,27,20,3,0,0,5,20,0
MVNO-00069,23,0,3.0,29.77,102,94,121,119.15,6,11,6,6,1,3,5,0
MVNO-00070,32,6,43.44,17.26,32,117,18,39.72,34,1,6,0,1,3,8,0
MVNO-00071,34,26,15.64,22.59,3,60,9,110.09,57,11,5,2,0,4,19,0
MVNO-00072,25,2,31.14,43.27,26,12,58,44.25,14,5,5,4,1,2,3,0
MVNO-00073,12,12,38.12,36.3,89,113,98,83.03,33,2,6,3,0,1,5,1
MVNO-00074,34,6,6.85,26.23,190,164,46,19.25,10,3,1,1,1,3,1,0
MVNO-00075,32,3,39.15,18.73,48,14,123,67.04,49,17,3,0,0,5,4,0
MVNO-00076,44,12,46.96,2.99,56,43,127,83.73,34,12,0,4,0,2,13,0
MVNO-00077,6,15,36.55,7.58,48,52,79,71.31,24,13,6,3,1,5,7,0
MVNO-00078,18,5,22.34,10.05,71,160,56,39.97,17,18,3,0,0,5,20,0
MVNO-00079,41,2,43.9,18.98,143,100,6,101.99,41,13,5,1,1,2,18,0
MVNO-00080,23,4,26.61,47.24,64,106,123,116.86,48,15,5,3,0,3,18,0
MVNO-00081,42,19,37.37,25.51,131,129,134,63.22,67,2,2,1,0,4,15,0
MVNO-00082,0,25,41.12,12.12,179,55,66,81.77,32,21,1,2,0,3,14,0
MVNO-00083,1,5,37.59,5.73,189,142,77,97.99,12,11,8,0,1,4,10,0
MVNO-00084,35,9,14.75,17.25,112,6,113,40.36,60,3,2,5,0,5,20,0
MVNO-00085,16,10,6.33,40.88,142,22,104,105.77,45,20,0,4,1,4,2,0
MVNO-00086,23,10,12.3,19.48,183,163,20,44.42,50,18,2,5,1,5,15,0
MVNO-00087,19,7,25.39,38.74,157,131,100,96.46,7,1,8,0,1,5,2,0
MVNO-00088,18,1,25.51,40.23,59,35,138,26.77,23,4,2,2,1,5,7,0
MVNO-00089,42,15,29.34,5.99,26,87,112,45.28,55,0,8,1,1,5,5,1
MVNO-00090,4,10,20.06,30.63,22,10,72,71.03,60,6,4,4,1,2,12,0
MVNO-00091,34,10,39.45,47.98,176,134,78,70.12,31,2,7,5,0,1,16,1
MVNO-00092,40,7,45.7,20.41,111,151,38,104.3,58,17,5,1,0,1,1,0
MVNO-00093,29,27,12.71,3.02,59,55,99,119.59,60,13,0,5,1,2,12,0
MVNO-00094,17,18,36.96,46.2,69,70,36,26.26,28,24,4,4,0,4,4,0
MVNO-00095,7,12,34.06,44.24,56,47,51,43.5,64,18,3,5,1,3,1,0
MVNO-00096,30,6,26.39,26.35,160,77,39,52.55,21,15,1,0,0,3,8,0
MVNO-00097,21,24,9.83,27.84,122,54,50,65.29,18,12,4,6,0,1,12,1
MVNO-00098,6,26,39.86,10.98,175,49,55,66.86,49,1,0,3,0,4,4,0
MVNO-00099,16,0,48.05,41.06,60,86,12,104.9,46,1,6,1,0,2,8,0
MVNO-00100,43,27,36.23,25.18,94,171,107,95.91,10,15,7,1,1,4,20,1
MVNO-00101,11,20,45.93,2.18,24,152,66,16.98,60,0,0,6,1,1,7,0
MVNO-00102,8,2,49.22,34.31,194,59,142,62.78,15,1,4,6,0,2,20,0
MVNO-00103,30,22,17.93,47.55,102,188,27,79.9,58,5,5,0,0,1,17,1
MVNO-00104,8,3,32.09,41.54,110,42,100,63.34,1,22,0,3,1,2,7,0
MVNO-00105,41,1,23.96,14.22,82,182,26,28.72,57,11,3,5,0,5,12,0
MVNO-00106,38,3,49.34,3.14,54,61,82,56.73,56,17,2,4,1,3,14,0
MVNO-00107,44,13,5.14,47.05,189,108,73,58.22,56,10,0,1,1,3,9,0
MVNO-00108,41,18,20.91,46.88,97,40,67,34.71,48,4,7,2,0,2,8,1
MVNO-00109,10,12,43.84,26.85,134,152,98,94.41,34,9,4,2,0,2,6,0
MVNO-00110,9,3,14.56,32.29,7,63,124,48.75,51,2,6,2,0,4,2,0
MVNO-00111,15,5,39.5,23.4,55,174,47,76.84,20,19,5,6,0,5,0,0
MVNO-00112,21,25,19.45,21.28,160,16,127,69.15,56,4,7,1,0,4,7,0
MVNO-00113,39,28,49.01,6.41,17,100,27,107.13,40,9,8,4,1,4,16,1
MVNO-00114,33,22,44.23,5.29,20,31,43,27.81,33,24,5,6,0,3,4,1
MVNO-00115,28,3,15.42,12.02,161,177,46,27.0,36,14,3,5,1,1,3,0
MVNO-00116,39,24,38.62,41.91,61,83,143,46.53,41,11,3,5,1,4,6,1
MVNO-00117,29,20,17.17,7.72,54,134,17,60.28,3,13,7,1,0,5,12,1
MVNO-00118,17,15,30.51,11.72,113,175,59,46.35,10,19,3,0,1,3,4,0
MVNO-00119,18,4,33.09,27.66,38,107,63,95.13,18,6,4,5,0,1,4,0
MVNO-00120,23,29,41.56,11.15,8,11,120,40.75,9,15,1,5,1,4,2,0
MVNO-00121,3,13,1.71,8.58,0,44,72,23.9,32,21,8,5,1,5,6,0
MVNO-00122,33,1,11.4,28.38,15,42,145,58.45,48,14,5,2,1,2,4,0
MVNO-00123,29,6,35.74,18.72,31,182,111,96.2,47,11,2,3,1,1,17,0
MVNO-00124,32,12,28.39,31.49,139,181,105,104.31,34,3,5,0,0,4,19,0
MVNO-00125,24,1,25.03,45.65,59,95,112,92.0,61,6,3,2,0,2,7,0
MVNO-00126,35,9,3.23,7.97,14,178,24,73.58,41,23,1,3,0,4,1,0
MVNO-00127,42,14,17.74,45.71,2,49,67,91.04,6,13,7,0,1,4,1,1
MVNO-00128,25,28,43.32,45.17,95,135,87,86.55,55,7,7,0,0,2,6,0
MVNO-00129,19,2,2.03,41.54,168,78,31,39.61,41,10,7,0,1,1,9,0
MVNO-00130,4,17,20.12,31.75,67,48,17,72.83,46,14,3,1,0,3,11,0
MVNO-00131,35,27,47.28,31.2,12,50,20,95.91,41,13,2,6,1,3,6,1
MVNO-00132,40,24,3.02,32.14,45,83,118,48.3,40,17,0,4,1,5,7,1
MVNO-00133,31,27,37.61,34.68,99,67,98,83.67,7,6,6,6,0,2,5,1
MVNO-00134,38,5,13.25,1.32,37,42,42,65.56,40,16,2,1,0,2,10,0
MVNO-00135,38,24,43.4,47.93,195,66,110,67.83,57,11,8,4,1,5,14,1
MVNO-00136,35,29,37.43,29.49,152,25,104,24.46,22,23,7,6,0,4,0,1
MVNO-00137,22,9,44.34,39.18,68,193,122,84.95,43,3,1,2,0,4,10,0
MVNO-00138,4,14,11.19,19.18,190,75,136,105.9,3,3,8,4,0,5,13,0
MVNO-00139,0,15,26.8,1.11,65,21,132,29.85,25,11,1,4,1,4,14,0
MVNO-00140,9,14,39.07,25.73,28,115,27,53.44,32,12,4,5,0,5,11,0
MVNO-00141,19,8,12.66,25.61,187,176,115,20.11,70,17,4,6,0,4,11,0
MVNO-00142,33,29,11.92,22.13,191,71,58,18.11,16,10,8,4,1,3,14,1
MVNO-00143,20,28,1.85,17.32,62,169,60,118.91,20,22,5,4,0,1,7,1
MVNO-00144,1,11,47.95,12.87,118,122,97,66.81,30,11,7,6,0,4,11,0
MVNO-00145,9,24,35.65,26.61,34,147,90,52.33,71,3,5,4,0,4,6,0
MVNO-00146,44,11,31.96,19.08,128,59,62,43.86,61,2,7,2,0,5,9,0
MVNO-00147,44,23,37.33,48.51,138,7,149,117.9,3,24,7,4,0,4,2,1
MVNO-00148,16,17,26.81,9.06,141,69,26,41.49,17,3,7,3,0,3,7,1
MVNO-00149,36,14,24.07,16.32,113,184,14,91.2,59,23,3,1,0,3,2,0
MVNO-00150,32,3,22.75,15.05,140,158,4,44.79,5,6,3,3,1,1,4,0
MVNO-00151,41,19,32.2,27.39,111,156,122,22.4,61,2,8,4,0,1,8,1
MVNO-00152,39,9,10.48,25.21,163,175,60,86.74,20,7,6,6,1,1,10,1
MVNO-00153,28,6,44.46,32.37,35,74,65,15.17,66,15,8,4,1,5,19,0
MVNO-00154,17,5,40.68,47.53,96,64,97,85.95,21,10,5,1,1,4,0,0
MVNO-00155,28,29,17.8,14.62,83,185,65,41.29,31,19,8,6,1,2,18,1
MVNO-00156,14,3,29.14,34.79,106,114,86,93.34,47,15,6,4,0,3,6,0
MVNO-00157,15,23,7.48,1.74,28,59,8,95.82,9,10,6,2,1,3,15,0
MVNO-00158,27,25,48.63,13.49,64,55,23,91.03,40,15,1,5,0,2,14,0
MVNO-00159,25,0,45.19,23.45,190,175,139,17.57,36,24,5,2,0,3,20,0
MVNO-00160,26,17,46.13,2.03,21,10,67,88.89,56,10,6,2,1,2,2,0
MVNO-00161,17,17,16.94,31.07,127,12,25,118.97,71,3,6,5,0,4,20,0
MVNO-00162,18,10,8.87,34.08,132,147,55,40.48,48,10,8,6,0,4,1,0
MVNO-00163,0,20,10.98,37.46,94,0,50,43.8,30,21,2,3,0,1,18,0
MVNO-00164,27,12,4.96,26.07,6,34,41,100.42,29,5,2,2,0,3,13,0
MVNO-00165,25,13,6.45,30.4,6,198,44,31.84,30,23,8,6,0,5,10,1
MVNO-00166,42,12,4.03,20.11,55,85,109,84.36,58,14,8,1,1,5,8,0
MVNO-00167,22,24,49.5,2.54,20,145,16,94.28,23,15,1,5,1,4,1,0
MVNO-00168,21,18,4.17,5.45,18,97,46,18.9,12,7,3,4,0,4,16,0
MVNO-00169,3,11,7.06,32.92,32,18,70,73.15,24,23,8,5,1,1,15,0
MVNO-00170,8,27,41.45,49.78,38,36,81,75.47,2,0,1,2,0,5,19,0
MVNO-00171,15,24,29.22,1.28,167,152,132,46.86,8,7,7,5,1,4,15,1
MVNO-00172,16,27,38.83,28.1,127,18,138,107.02,7,10,1,0,1,5,20,0
MVNO-00173,16,21,31.73,37.67,6,118,44,32.09,55,11,1,5,1,5,18,0
MVNO-00174,17,11,44.17,41.43,125,69,80,53.24,52,11,7,0,0,2,8,0
MVNO-00175,34,23,32.1,27.49,27,74,3,104.11,50,3,5,4,0,1,14,1
MVNO-00176,5,9,26.35,31.19,84,190,92,35.02,33,5,4,1,0,4,5,0
MVNO-00177,14,8,35.78,34.99,7,121,22,101.24,51,2,7,6,1,3,16,0
MVNO-00178,7,13,22.65,43.02,18,123,10,23.3,12,14,2,5,0,1,12,1
MVNO-00179,13,29,17.63,6.55,26,70,100,66.37,64,8,4,0,0,2,9,0
MVNO-00180,30,17,23.65,46.35,86,76,26,22.91,36,14,5,6,1,5,13,1
MVNO-00181,2,11,8.9,1.79,92,137,71,86.18,67,14,6,1,1,2,5,0
MVNO-00182,15,13,39.93,41.89,70,7,15,98.01,11,17,2,3,0,2,13,0
MVNO-00183,1,8,13.4,4.3,124,47,111,104.24,36,13,5,0,0,4,9,0
MVNO-00184,42,19,8.1,10.13,144,120,114,118.03,50,16,4,0,0,4,6,0
MVNO-00185,32,10,12.69,0.69,145,124,86,85.56,36,14,4,1,0,2,20,0
MVNO-00186,10,16,42.18,22.54,115,18,125,95.75,32,16,7,3,1,5,1,0
MVNO-00187,8,11,16.84,17.05,109,157,65,68.1,12,15,3,3,0,3,15,0
MVNO-00188,4,9,34.46,8.72,98,108,27,110.84,28,7,6,5,1,1,4,0
MVNO-00189,21,29,42.89,22.83,47,47,22,82.59,17,6,8,1,0,2,4,1
MVNO-00190,33,10,4.35,20.42,97,150,32,107.77,22,19,6,5,1,5,3,0
MVNO-00191,26,2,38.37,38.5,2,198,30,39.72,49,8,8,0,1,1,2,0
MVNO-00192,39,11,15.73,44.71,193,84,48,67.16,45,13,5,2,0,1,2,0
MVNO-00193,15,15,11.22,32.8,74,56,32,91.63,44,4,2,1,0,4,17,0
MVNO-00194,12,2,34.6,6.66,151,59,88,36.29,26,10,8,0,0,3,19,0
MVNO-00195,21,9,45.53,15.12,191,118,22,37.19,69,13,5,4,0,2,12,0
MVNO-00196,9,4,15.1,45.71,99,9,93,117.69,7,15,2,6,1,3,0,0
MVNO-00197,43,15,28.66,4.89,172,96,50,60.63,25,13,2,4,0,1,18,1
MVNO-00198,8,21,14.85,20.64,95,4,103,34.09,9,9,2,5,1,2,12,1
MVNO-00199,21,29,27.94,47.15,26,7,76,49.8,25,24,7,4,0,2,10,1
MVNO-00200,23,11,31.28,47.56,5,86,135,56.72,69,12,0,0,0,3,19,0
MVNO-00201,2,25,30.71,20.85,27,149,65,80.42,27,20,6,2,1,4,8,0
MVNO-00202,21,6,31.37,33.54,188,176,44,111.92,65,18,4,5,1,5,7,0
MVNO-00203,20,23,7.19,23.11,95,17,88,118.59,36,13,0,0,1,1,16,0
MVNO-00204,11,16,34.83,37.8,63,48,98,83.43,50,22,5,0,0,2,11,0
MVNO-00205,5,22,33.9,2.06,89,84,65,88.49,33,3,6,5,1,2,15,0
MVNO-00206,2,22,34.29,7.64,51,114,83,48.79,19,23,6,0,1,3,14,0
MVNO-00207,0,15,4.17,30.9,174,197,70,105.0,55,21,4,6,0,3,17,0
MVNO-00208,21,7,22.62,12.01,199,136,45,37.87,69,12,3,5,1,5,6,0
MVNO-00209,4,15,20.75,33.47,16,107,47,26.17,19,18,1,4,1,5,1,0
MVNO-00210,43,24,4.79,17.89,143,12,136,117.19,56,13,0,3,0,4,10,0
MVNO-00211,11,29,11.51,44.39,67,16,101,105.73,19,6,3,0,1,1,13,0
MVNO-00212,29,27,22.33,41.05,9,30,14,46.88,51,19,5,2,1,1,17,1
MVNO-00213,30,5,37.27,24.9,184,132,144,85.89,57,6,0,5,0,5,5,0
MVNO-00214,22,17,12.23,38.76,12,66,106,64.04,32,7,8,6,1,5,15,1
MVNO-00215,39,3,41.57,13.92,41,48,7,48.93,53,12,5,3,0,2,17,0
MVNO-00216,4,20,27.52,24.97,5,134,109,45.11,20,20,2,5,0,1,16,1
MVNO-00217,10,29,38.14,10.28,94,163,88,29.28,6,9,8,5,0,4,16,1
MVNO-00218,11,1,23.89,43.11,119,87,137,72.68,7,12,1,0,0,3,20,0
MVNO-00219,6,19,25.21,41.24,64,176,73,61.89,32,1,8,4,1,5,13,0
MVNO-00220,13,28,31.18,45.16,14,146,77,68.78,65,2,2,4,1,3,7,0
MVNO-00221,14,25,46.43,43.94,23,143,47,37.61,10,1,3,3,1,4,9,0
MVNO-00222,34,11,24.84,48.0,186,173,48,113.55,33,1,3,5,0,4,15,0
MVNO-00223,13,3,26.67,11.8,161,36,92,82.05,50,21,8,6,1,1,4,0
MVNO-00224,39,27,30.3,46.63,187,151,124,109.46,15,21,2,3,0,1,12,0
MVNO-00225,34,27,37.01,28.78,106,191,133,26.47,52,20,8,2,0,4,12,1
MVNO-00226,40,17,4.06,21.41,109,198,115,80.4,22,1,3,6,0,1,13,1
MVNO-00227,4,29,26.03,28.24,157,115,91,104.19,58,1,2,6,0,2,8,0
MVNO-00228,44,0,24.34,17.46,123,150,75,49.75,42,7,5,4,1,4,15,0
MVNO-00229,27,18,46.12,14.78,87,177,50,35.49,39,14,6,4,1,2,1,0
MVNO-00230,44,1,24.93,12.45,58,170,115,42.83,13,8,3,0,0,1,15,0
MVNO-00231,15,28,23.68,4.58,97,179,47,43.66,33,12,1,2,0,1,17,0
MVNO-00232,42,20,48.13,25.08,12,166,40,61.96,61,4,3,1,1,3,18,0
MVNO-00233,26,27,22.8,44.44,38,76,130,49.23,2,18,4,3,0,4,19,1
MVNO-00234,3,16,9.45,31.69,147,146,88,43.48,54,7,0,5,0,4,7,0
MVNO-00235,18,2,11.24,26.29,173,82,53,83.09,35,1,0,1,1,5,0,0
MVNO-00236,6,0,5.21,21.72,20,160,129,20.57,52,18,8,6,0,4,13,0
MVNO-00237,42,10,0.53,23.49,19,162,144,50.74,48,22,0,0,1,4,1,0
MVNO-00238,13,22,21.88,10.86,17,186,47,87.42,31,0,3,0,1,2,5,0
MVNO-00239,10,4,38.58,41.24,158,117,78,33.46,22,10,6,6,0,2,14,1
MVNO-00240,24,25,36.81,10.32,62,95,72,38.2,45,20,2,0,0,2,12,0
MVNO-00241,19,7,2.09,35.97,65,33,105,36.07,10,17,4,5,0,1,12,0
MVNO-00242,4,14,28.71,38.12,2,127,142,15.1,42,21,0,5,0,5,15,0
MVNO-00243,36,6,8.14,28.96,194,113,82,64.75,7,10,7,2,1,2,3,1
MVNO-00244,38,13,47.08,43.21,86,102,119,19.09,47,9,5,0,0,3,16,0
MVNO-00245,33,13,8.78,14.91,159,135,89,43.66,45,17,7,2,0,2,12,1
MVNO-00246,27,0,31.52,44.14,141,170,133,119.45,6,3,7,0,1,1,8,1
MVNO-00247,18,17,16.65,36.61,28,29,60,111.43,54,5,3,4,0,5,9,0
MVNO-00248,24,23,32.26,40.04,160,86,57,37.58,30,15,0,6,0,2,10,1
MVNO-00249,23,28,20.91,33.4,110,144,63,47.55,56,16,3,6,1,1,11,1
MVNO-00250,7,9,38.1,42.39,120,163,149,63.69,3,2,1,5,0,2,7,0
MVNO-00251,3,26,11.92,49.66,40,155,91,103.66,13,12,4,5,0,1,4,1
MVNO-00252,11,26,45.34,21.3,169,159,22,99.28,36,9,1,6,0,5,3,0
MVNO-00253,20,29,25.26,40.79,186,171,6,28.26,14,12,8,5,1,1,7,1
MVNO-00254,7,11,37.93,37.36,81,192,77,28.07,24,23,5,4,0,2,5,1
MVNO-00255,4,25,42.56,22.92,18,121,120,58.76,47,1,2,6,1,2,10,0
MVNO-00256,38,16,49.94,46.38,169,49,71,106.36,11,24,8,2,0,1,19,1
MVNO-00257,16,1,11.59,20.02,177,112,84,107.62,49,11,6,2,1,1,2,0
MVNO-00258,26,8,14.7,28.49,101,141,119,26.27,8,19,3,6,1,3,6,0
MVNO-00259,23,20,12.9,5.74,115,20,77,75.3,13,10,1,2,0,2,1,0
MVNO-00260,33,4,13.51,11.68,44,151,136,31.35,42,7,3,2,0,1,20,1
MVNO-00261,33,13,29.33,42.11,13,108,95,87.04,57,19,5,1,0,2,14,0
MVNO-00262,13,23,49.68,20.13,188,187,109,111.23,13,17,6,1,0,2,5,0
MVNO-00263,38,4,49.52,20.01,96,42,117,62.75,22,3,2,4,0,3,8,0
MVNO-00264,16,14,26.58,12.68,54,181,94,23.72,66,17,6,6,1,5,15,0
MVNO-00265,37,6,32.13,24.83,138,89,7,75.82,71,18,2,0,0,2,20,0
MVNO-00266,18,16,43.07,40.39,5,114,64,57.89,42,9,2,4,1,4,12,0
MVNO-00267,4,7,46.68,44.81,15,132,21,100.14,32,23,4,5,0,4,5,0
MVNO-00268,34,28,10.59,3.97,48,115,76,50.74,25,16,1,6,0,1,14,1
MVNO-00269,1,2,26.66,28.95,90,180,21,106.86,44,8,3,5,0,3,14,0
MVNO-00270,34,28,41.73,23.63,73,33,76,43.74,42,0,3,1,0,3,13,1
MVNO-00271,1,23,15.51,30.91,37,145,51,31.54,21,16,2,3,1,3,0,0
MVNO-00272,9,25,22.27,22.64,70,194,3,47.18,2,5,6,6,0,1,14,1
MVNO-00273,27,25,49.29,20.23,66,44,18,18.67,11,18,2,6,0,3,0,1
MVNO-00274,42,5,49.26,23.86,104,51,75,44.53,69,13,6,4,1,1,19,0
MVNO-00275,18,27,45.35,29.31,112,95,11,84.31,30,11,6,6,1,5,18,0
MVNO-00276,5,17,40.02,25.3,176,144,128,29.94,35,4,5,4,0,3,11,0
MVNO-00277,10,28,13.82,23.87,161,191,113,26.69,34,17,2,0,1,1,13,0
MVNO-00278,40,26,16.38,40.98,58,159,106,28.9,56,4,7,6,0,3,1,1
MVNO-00279,32,17,27.59,37.41,180,158,25,23.14,5,10,2,1,0,5,18,0
MVNO-00280,4,11,28.26,17.4,104,88,119,106.84,6,20,2,2,0,4,5,0
MVNO-00281,17,3,25.52,40.13,37,129,95,114.13,20,23,7,1,1,2,5,0
MVNO-00282,11,3,32.02,42.76,68,42,58,19.89,35,24,3,5,0,5,14,0
MVNO-00283,8,11,20.71,8.1,148,92,0,94.81,48,23,6,0,1,1,19,0
MVNO-00284,38,24,37.58,29.34,164,37,79,92.4,35,13,0,4,0,2,10,0
MVNO-00285,27,15,17.01,14.62,74,5,119,119.68,32,5,5,6,1,1,10,0
MVNO-00286,8,14,16.87,37.09,31,171,5,51.53,67,20,7,5,0,5,11,0
MVNO-00287,29,7,6.8,12.32,38,160,7,44.98,12,20,6,2,0,4,6,0
MVNO-00288,18,16,9.84,33.73,20,102,57,62.57,41,24,5,6,1,3,12,0
MVNO-00289,2,19,42.6,13.13,139,2,76,104.94,39,16,7,2,0,4,20,0
MVNO-00290,20,29,22.59,25.8,100,18,71,91.5,34,3,2,4,1,2,8,0
MVNO-00291,8,21,11.78,47.46,90,22,63,64.52,58,12,3,3,1,1,16,0
MVNO-00292,11,18,38.09,19.37,134,143,38,40.68,19,11,0,0,1,5,16,0
MVNO-00293,39,27,27.92,43.85,165,40,8,91.34,68,21,6,0,0,5,17,0
MVNO-00294,31,12,1.55,49.35,159,50,4,104.73,24,9,6,1,1,1,15,0
MVNO-00295,6,28,16.16,43.81,27,172,14,56.99,39,8,6,6,1,1,19,1
MVNO-00296,38,11,9.26,8.71,117,175,103,85.2,37,2,6,6,0,3,15,1
MVNO-00297,25,3,32.97,41.07,176,152,117,57.02,61,20,1,2,1,1,20,0
MVNO-00298,39,12,14.11,2.09,154,61,65,65.24,32,18,5,6,1,4,15,0
MVNO-00299,33,3,3.71,19.97,65,115,11,70.12,21,1,6,0,1,5,17,0
MVNO-00300,15,3,3.22,43.6,78,40,62,96.45,2,10,1,6,1,2,18,0
MVNO-00301,24,26,29.3,34.59,178,171,147,117.64,26,11,4,1,1,2,20,0
MVNO-00302,23,23,1.58,26.87,6,16,37,61.66,59,11,8,0,1,5,12,0
MVNO-00303,32,6,42.52,19.7,105,148,73,50.94,1,22,3,5,0,2,14,1
MVNO-00304,11,25,8.19,40.71,23,102,80,54.23,64,3,6,2,1,2,20,0
MVNO-00305,14,2,30.53,35.62,178,151,49,29.06,39,7,4,2,0,1,7,0
MVNO-00306,11,8,22.51,23.69,7,90,65,46.18,10,4,5,5,0,5,2,0
MVNO-00307,13,21,22.42,44.68,4,31,70,24.08,22,6,5,2,1,5,18,1
MVNO-00308,7,9,4.05,11.88,65,150,71,59.93,40,22,5,5,0,1,13,0
MVNO-00309,1,21,40.24,8.93,40,126,107,32.57,23,23,7,1,1,5,8,0
MVNO-00310,42,26,44.71,32.32,99,92,87,51.37,8,1,8,0,0,1,15,1
MVNO-00311,3,1,1.05,48.61,59,74,8,98.33,48,15,2,2,0,1,0,0
MVNO-00312,39,0,9.34,12.74,71,68,0,40.82,48,5,8,4,0,2,10,1
MVNO-00313,0,28,45.24,12.86,112,96,61,79.25,9,4,5,1,1,3,5,1
MVNO-00314,34,15,27.7,7.41,112,52,136,109.62,20,7,5,1,0,5,6,1
MVNO-00315,14,15,7.93,43.1,186,56,5,74.53,18,4,2,5,1,4,20,0
MVNO-00316,23,13,10.54,11.71,96,55,10,35.35,47,12,3,3,0,1,11,0
MVNO-00317,12,13,33.17,25.41,112,2,101,51.2,52,24,5,3,0,3,2,0
MVNO-00318,22,20,36.38,49.55,135,185,67,76.99,52,14,3,1,0,5,7,0
MVNO-00319,20,17,30.17,1.1,34,47,34,68.19,67,18,2,0,0,4,5,0
MVNO-00320,23,4,47.68,28.05,133,33,31,30.61,55,12,7,0,1,2,19,0
MVNO-00321,17,18,24.96,25.86,172,30,99,61.91,23,0,3,4,0,1,6,1
MVNO-00322,24,20,15.36,40.47,63,197,78,72.02,8,2,5,0,1,3,7,1
MVNO-00323,37,3,24.12,18.09,35,95,95,43.07,44,6,0,1,0,3,7,0
MVNO-00324,19,11,18.3,20.81,69,65,42,79.31,66,6,0,6,1,2,3,0
MVNO-00325,16,23,11.61,8.81,55,80,78,22.37,70,21,7,2,1,1,16,0
MVNO-00326,5,18,2.78,37.17,117,17,129,50.34,17,21,1,5,0,1,12,0
MVNO-00327,16,4,17.93,39.34,172,62,47,99.45,17,21,7,2,0,3,9,0
MVNO-00328,5,1,35.71,7.26,119,49,59,42.22,3,15,8,6,1,5,8,0
MVNO-00329,8,17,1.41,19.98,25,160,24,78.54,11,13,4,5,0,3,14,0
MVNO-00330,42,13,22.24,44.7,62,11,95,58.05,40,16,7,3,1,3,2,0
MVNO-00331,4,28,32.38,0.63,137,85,4,48.23,39,10,3,4,1,5,19,0
MVNO-00332,21,15,30.72,15.29,66,158,37,111.19,27,16,8,2,1,4,11,0
MVNO-00333,37,27,38.94,27.97,117,166,106,51.04,23,19,2,6,1,4,4,0
MVNO-00334,42,6,40.62,17.04,138,102,2,39.85,59,19,3,2,1,3,11,0
MVNO-00335,6,13,35.73,13.97,65,44,148,110.48,33,15,3,5,1,4,17,0
MVNO-00336,7,4,5.59,23.27,129,67,60,93.32,58,1,7,4,0,3,3,0
MVNO-00337,16,17,24.01,9.49,79,44,59,86.59,69,18,0,4,1,4,11,0
MVNO-00338,24,5,30.37,26.72,27,132,80,20.2,23,9,7,2,0,4,12,0
MVNO-00339,43,14,12.66,35.48,74,58,95,28.78,15,18,0,5,0,4,17,0
MVNO-00340,9,10,2.61,28.98,88,126,68,82.03,68,13,2,5,1,5,11,0
MVNO-00341,7,5,11.57,5.11,0,131,132,36.99,46,22,5,5,1,2,15,0
MVNO-00342,11,2,23.02,42.3,178,187,144,38.69,21,8,1,5,1,4,16,0
MVNO-00343,39,15,20.99,9.16,105,74,30,96.81,45,23,4,1,0,1,18,0
MVNO-00344,1,28,9.25,38.36,7,192,106,45.02,37,21,8,6,0,3,7,0
MVNO-00345,17,5,41.31,18.35,173,80,45,22.52,65,8,7,5,1,5,14,0
MVNO-00346,5,12,46.32,39.25,171,136,149,18.83,19,12,0,1,0,4,5,0
MVNO-00347,7,6,10.47,10.71,2,132,37,61.53,71,13,5,6,1,2,17,0
MVNO-00348,41,24,46.51,9.74,32,163,44,79.8,67,19,5,3,0,4,19,0
MVNO-00349,0,12,1.38,25.1,72,93,107,106.23,13,17,0,2,1,2,6,0
MVNO-00350,14,29,46.29,2.13,101,158,118,26.63,12,21,5,1,0,3,11,0
MVNO-00351,41,7,47.62,11.65,145,71,19,35.65,38,9,4,2,0,2,17,0
MVNO-00352,27,2,1.1,36.34,84,98,83,70.63,4,12,6,0,1,4,0,0
MVNO-00353,3,17,38.27,41.95,122,99,51,53.23,22,10,2,4,1,1,14,0
MVNO-00354,20,19,48.52,4.5,2,140,91,65.67,31,22,2,4,1,3,17,0
MVNO-00355,43,29,45.34,44.16,131,123,83,112.03,69,7,6,4,1,5,18,0
MVNO-00356,18,26,48.55,39.98,183,15,147,72.21,71,14,6,3,0,4,4,0
MVNO-00357,23,26,27.74,43.55,105,161,140,58.59,11,3,1,2,1,3,15,0
MVNO-00358,23,19,4.37,35.07,90,151,98,118.89,64,21,1,5,0,5,16,0
MVNO-00359,29,10,42.56,33.87,59,20,101,21.85,7,9,5,6,1,1,0,1
MVNO-00360,8,12,30.88,26.49,190,192,134,112.87,54,8,7,0,0,5,14,0
MVNO-00361,37,4,30.93,32.81,6,132,27,67.67,61,14,1,2,0,2,13,0
MVNO-00362,44,12,21.15,46.0,57,16,108,67.89,64,12,1,6,0,5,20,0
MVNO-00363,6,10,28.81,5.48,27,98,115,111.81,16,21,7,6,1,5,0,0
MVNO-00364,36,1,8.1,16.13,173,167,19,68.27,64,13,6,6,1,4,20,0
MVNO-00365,36,6,37.12,4.09,96,55,132,61.03,9,12,8,1,0,4,11,1
MVNO-00366,33,16,4.21,47.27,184,186,104,43.61,37,2,7,3,1,4,5,0
MVNO-00367,16,11,36.62,22.54,133,83,52,84.18,34,0,8,0,1,2,8,0
MVNO-00368,21,29,42.52,33.93,111,45,72,74.81,23,9,1,6,1,1,16,0
MVNO-00369,37,14,23.89,42.14,103,71,73,37.51,2,24,2,3,1,2,20,1
MVNO-00370,6,28,25.74,49.55,40,104,137,89.49,55,22,2,1,0,3,6,0
MVNO-00371,37,19,15.95,8.51,112,137,145,82.63,24,15,0,0,0,4,20,0
MVNO-00372,41,1,48.49,40.08,137,185,121,56.72,47,15,7,5,1,2,13,0
MVNO-00373,30,6,36.79,44.43,193,38,97,15.46,30,9,5,5,0,3,4,1
MVNO-00374,15,21,18.76,2.92,109,192,15,61.89,27,4,0,6,1,1,12,0
MVNO-00375,25,16,9.15,37.83,187,105,137,15.64,63,0,1,6,0,1,16,1
MVNO-00376,2,9,11.37,18.06,188,25,20,22.87,7,8,1,5,0,5,1,0
MVNO-00377,41,15,23.46,32.61,104,185,25,60.21,53,7,3,5,1,5,1,0
MVNO-00378,15,27,47.16,25.95,87,69,10,23.6,54,4,4,5,1,5,0,0
MVNO-00379,2,11,36.84,13.36,28,124,142,43.94,27,6,2,6,1,2,11,0
MVNO-00380,35,1,11.15,7.19,53,139,73,83.83,19,0,8,3,1,3,1,0
MVNO-00381,29,9,43.05,6.29,175,2,35,47.4,1,15,1,5,0,4,19,0
MVNO-00382,28,28,19.22,5.61,27,44,12,119.75,67,23,5,5,1,2,2,1
MVNO-00383,2,22,42.66,32.07,79,137,61,111.21,68,17,3,0,0,4,1,0
MVNO-00384,33,25,12.46,17.89,139,64,108,76.46,18,11,3,4,0,4,5,0
MVNO-00385,28,27,31.12,11.22,48,1,149,116.53,3,10,7,2,1,3,16,1
MVNO-00386,35,3,46.37,34.75,194,4,82,106.14,9,7,8,0,0,3,19,0
MVNO-00387,37,8,13.27,34.5,129,165,91,48.48,5,3,0,1,1,2,5,0
MVNO-00388,9,1,34.8,27.19,5,30,125,93.71,60,14,4,0,0,5,10,0
MVNO-00389,9,0,49.37,46.78,49,20,135,29.37,64,14,1,6,1,5,16,0
MVNO-00390,41,25,7.95,19.58,148,112,41,86.88,11,0,3,5,0,5,16,1
MVNO-00391,23,28,4.88,41.88,172,23,148,66.56,54,10,5,0,0,4,3,0
MVNO-00392,19,4,33.87,4.22,185,130,77,16.77,13,6,3,4,0,2,17,0
MVNO-00393,12,21,17.32,37.12,170,108,139,43.79,27,4,2,4,0,4,18,0
MVNO-00394,28,16,4.03,49.43,14,129,17,115.32,43,17,2,3,1,2,15,0
MVNO-00395,33,2,24.03,42.41,145,98,14,48.16,52,13,2,4,1,5,11,0
MVNO-00396,0,27,37.81,29.19,22,155,132,34.05,63,15,2,6,0,2,8,0
MVNO-00397,24,26,14.61,31.52,15,128,100,34.69,4,17,3,3,1,3,18,0
MVNO-00398,44,17,17.08,17.99,138,83,26,65.32,14,24,6,4,0,1,18,1
MVNO-00399,12,21,42.36,34.13,95,3,134,103.48,20,20,0,3,1,1,10,0
MVNO-00400,12,11,26.24,38.63,129,54,15,94.59,23,15,0,2,1,2,15,0
MVNO-00401,39,23,42.22,49.91,170,26,102,60.87,71,21,4,6,0,3,8,0
MVNO-00402,2,13,22.6,24.88,13,3,30,36.92,56,11,6,2,1,1,15,0
MVNO-00403,17,29,47.67,3.53,105,54,10,19.84,23,24,2,5,0,5,1,0
MVNO-00404,20,1,32.71,29.99,166,41,120,63.58,69,19,1,4,0,1,18,0
MVNO-00405,35,5,6.24,6.39,88,15,127,100.55,36,16,5,4,0,5,10,0
MVNO-00406,5,29,44.31,12.62,104,62,15,91.62,36,22,3,5,1,2,12,0
MVNO-00407,19,8,24.72,16.77,99,101,13,57.9,31,12,6,5,0,2,3,1
MVNO-00408,6,9,7.51,36.69,181,35,92,77.44,11,18,1,3,0,1,11,0
MVNO-00409,35,23,8.06,9.6,9,54,4,60.81,67,7,1,4,0,5,0,0
MVNO-00410,28,5,34.53,8.7,175,4,111,75.8,1,24,4,3,0,4,18,0
MVNO-00411,22,15,2.84,2.73,163,10,137,69.34,13,15,3,2,1,1,15,0
MVNO-00412,17,8,14.69,43.73,162,31,112,86.5,17,19,6,5,1,1,9,0
MVNO-00413,6,5,7.42,34.83,82,90,34,68.31,20,11,4,6,0,4,17,0
MVNO-00414,41,28,22.33,2.48,103,133,28,113.76,10,21,3,4,0,5,17,1
MVNO-00415,29,5,21.01,1.9,73,157,102,59.94,2,1,1,5,0,1,2,1
MVNO-00416,14,2,26.33,28.15,50,125,9,16.67,49,2,1,5,0,2,1,0
MVNO-00417,18,20,14.34,14.49,175,123,80,39.82,69,12,6,2,1,3,5,0
MVNO-00418,32,26,2.09,30.04,101,187,67,67.56,9,18,2,0,0,1,0,0
MVNO-00419,32,3,30.91,22.01,144,51,111,71.76,22,20,4,2,0,2,12,0
MVNO-00420,20,21,19.0,46.2,20,159,30,73.0,36,11,7,5,1,1,11,1
MVNO-00421,13,16,32.74,14.75,157,187,114,90.03,66,16,8,5,1,3,11,0
MVNO-00422,29,24,5.88,34.12,131,113,104,43.84,50,13,2,3,0,4,1,0
MVNO-00423,29,3,1.18,3.18,199,168,35,84.81,55,24,0,5,0,3,19,0
MVNO-00424,26,29,12.79,47.82,26,27,53,88.92,42,16,6,0,1,2,20,0
MVNO-00425,3,18,23.1,49.05,108,175,9,58.18,30,10,6,4,0,3,12,0
MVNO-00426,21,25,20.01,37.08,102,112,67,57.23,15,24,2,4,0,3,0,1
MVNO-00427,27,10,40.61,23.53,107,44,39,33.79,62,2,5,3,1,1,8,0
MVNO-00428,42,28,19.2,11.39,10,12,17,58.47,58,24,1,5,1,1,15,0
MVNO-00429,23,18,26.76,40.72,94,143,83,97.62,2,3,6,3,1,1,15,1
MVNO-00430,15,3,29.88,36.95,59,86,85,110.44,51,7,6,3,0,5,5,0
MVNO-00431,25,27,1.58,11.49,123,62,12,77.33,6,20,2,4,0,4,17,0
MVNO-00432,7,23,26.0,22.84,46,78,27,46.43,53,18,4,5,0,1,20,0
MVNO-00433,4,9,17.57,23.41,87,198,12,86.64,59,24,3,1,1,2,10,0
MVNO-00434,30,16,21.35,41.41,124,85,101,92.72,10,18,0,2,1,3,8,0
MVNO-00435,44,11,5.46,34.35,12,15,50,49.88,31,15,1,2,0,1,11,0
MVNO-00436,38,16,39.25,32.34,157,55,10,101.79,9,8,8,1,1,5,0,0
MVNO-00437,26,28,47.15,32.67,143,29,28,22.74,41,0,4,2,0,5,10,1
MVNO-00438,1,26,1.6,13.89,11,137,146,16.13,66,3,1,2,0,2,0,0
MVNO-00439,44,6,30.27,18.9,12,160,38,27.91,6,7,0,2,1,1,0,1
MVNO-00440,20,29,38.31,2.76,170,168,102,31.38,29,1,3,2,0,2,11,1
MVNO-00441,13,13,14.6,39.45,56,126,70,107.29,70,12,8,3,0,3,10,0
MVNO-00442,40,21,39.48,21.93,172,153,27,59.62,22,19,3,4,0,5,20,1
MVNO-00443,33,22,31.8,22.19,99,83,46,43.87,10,24,8,2,1,2,10,1
MVNO-00444,33,14,46.49,12.65,68,125,2,60.05,35,12,4,5,0,2,20,0
MVNO-00445,12,13,49.06,10.87,54,21,112,56.46,37,21,6,3,0,2,16,0
MVNO-00446,44,13,2.6,29.6,131,107,50,46.65,48,24,7,5,1,1,7,1
MVNO-00447,20,25,22.52,12.01,21,111,74,29.48,23,21,0,0,0,1,19,0
MVNO-00448,23,11,27.58,3.68,80,6,22,83.87,68,11,0,1,0,3,10,0
MVNO-00449,33,8,7.76,38.49,69,109,123,29.34,37,8,8,3,1,4,12,1
MVNO-00450,29,10,17.15,19.14,30,144,32,96.42,21,24,8,2,1,1,2,0
MVNO-00451,7,5,49.39,19.32,70,73,84,36.18,69,6,1,3,1,2,4,0
MVNO-00452,13,11,1.3,21.85,105,108,130,91.79,66,10,5,1,0,5,10,0
MVNO-00453,16,3,22.9,40.84,135,57,106,99.59,36,1,8,3,1,5,5,0
MVNO-00454,42,2,42.21,16.38,17,54,90,28.16,2,19,8,4,0,4,12,1
MVNO-00455,32,21,16.53,38.02,174,25,133,24.11,43,16,2,5,0,3,1,1
MVNO-00456,16,2,24.25,47.01,175,65,26,114.71,40,2,7,1,0,3,5,0
MVNO-00457,33,17,48.91,33.21,138,160,144,63.62,11,5,5,2,0,2,13,1
MVNO-00458,33,23,24.01,21.87,184,187,83,81.17,46,13,8,3,0,2,12,1
MVNO-00459,17,21,6.98,37.52,85,127,61,17.44,60,13,1,3,0,2,20,0
MVNO-00460,18,13,3.06,23.17,164,124,38,44.26,8,20,5,5,0,4,18,0
MVNO-00461,40,5,47.3,21.01,145,122,111,68.07,52,6,0,2,0,4,17,0
MVNO-00462,25,27,13.66,26.5,112,95,146,108.05,10,23,3,4,1,4,0,0
MVNO-00463,6,25,25.45,16.23,35,84,103,43.5,54,11,0,6,1,4,12,0
MVNO-00464,32,18,4.99,5.66,111,124,4,96.4,30,20,3,2,0,1,4,0
MVNO-00465,26,2,21.47,21.04,180,156,70,84.53,1,5,7,5,1,4,5,1
MVNO-00466,22,1,46.54,6.63,196,82,109,27.1,69,0,5,2,1,5,4,0
MVNO-00467,32,9,25.37,20.82,89,113,59,45.8,12,1,2,2,1,4,9,0
MVNO-00468,40,4,48.57,28.07,49,94,115,39.98,43,9,3,4,0,3,2,0
MVNO-00469,14,25,13.31,46.57,149,57,106,61.47,13,23,3,4,0,2,11,0
MVNO-00470,18,6,25.47,2.29,15,58,10,81.71,67,1,6,3,0,4,3,0
MVNO-00471,8,8,43.05,31.26,30,15,83,60.51,53,9,2,1,0,3,10,0
MVNO-00472,29,29,22.69,23.16,112,87,25,40.68,58,2,0,0,0,2,13,0
MVNO-00473,18,24,14.33,1.5,198,142,72,88.07,31,23,4,6,1,3,3,1
MVNO-00474,15,6,42.85,12.85,65,137,57,76.37,34,16,7,6,0,1,2,0
MVNO-00475,31,11,19.8,6.37,88,197,121,69.53,46,19,4,6,1,5,16,0
MVNO-00476,18,15,26.77,11.23,64,7,130,73.21,56,17,1,3,1,4,15,0
MVNO-00477,20,19,48.84,14.09,88,152,69,38.3,61,16,0,6,0,2,5,0
MVNO-00478,19,28,9.73,20.36,1,159,80,86.45,2,19,8,3,1,4,18,1
MVNO-00479,11,26,15.42,26.69,118,87,93,55.69,48,0,6,0,0,1,4,0
MVNO-00480,5,29,2.04,0.55,119,56,98,53.16,8,21,1,1,1,2,19,0
MVNO-00481,37,1,19.9,8.51,63,71,95,30.72,21,18,0,1,1,4,2,0
MVNO-00482,4,7,10.41,5.13,52,136,117,77.67,59,18,1,2,1,1,13,0
MVNO-00483,14,16,34.16,27.71,152,172,147,78.28,18,9,3,6,0,4,0,0
MVNO-00484,30,1,9.48,16.79,37,128,124,50.73,57,20,7,2,0,5,4,0
MVNO-00485,5,10,33.9,27.65,9,102,20,105.28,33,9,1,4,0,3,8,0
MVNO-00486,29,4,13.54,11.48,8,130,71,103.77,17,1,7,1,0,2,1,0
MVNO-00487,32,27,18.08,1.7,176,14,69,26.45,24,22,0,4,0,4,9,0
MVNO-00488,29,1,17.77,47.1,72,121,76,87.98,38,5,6,3,1,2,4,0
MVNO-00489,13,4,35.98,5.86,20,8,79,56.35,55,2,2,1,0,4,2,0
MVNO-00490,0,5,23.59,6.78,175,191,107,119.97,44,15,8,3,0,4,20,0
MVNO-00491,39,4,18.38,7.75,29,177,63,38.63,67,5,4,0,1,1,20,0
MVNO-00492,14,17,42.7,49.07,67,101,39,44.46,62,21,2,6,0,1,20,0
MVNO-00493,36,10,28.81,31.07,4,74,68,61.42,54,11,2,4,0,1,3,0
MVNO-00494,8,27,11.08,30.71,135,146,128,43.22,43,0,7,6,1,1,8,1
MVNO-00495,7,7,45.05,49.34,139,127,46,87.66,21,23,3,6,1,2,6,0
MVNO-00496,35,16,17.46,4.88,151,141,3,65.5,30,12,3,1,1,1,6,0
MVNO-00497,42,19,2.43,48.74,52,103,146,38.19,9,6,6,4,0,5,8,1
MVNO-00498,38,18,24.98,10.6,65,47,29,68.17,27,16,4,0,1,5,10,0
MVNO-00499,33,23,6.63,31.34,187,14,90,108.32,66,13,5,6,0,1,10,1
MVNO-00500,11,6,12.3,21.29,164,56,120,98.2,31,0,4,5,0,2,6,0
MVNO-00501,41,15,37.48,19.51,7,105,41,67.38,9,18,0,4,0,4,20,0
MVNO-00502,30,24,6.97,46.6,138,84,51,45.29,47,10,0,6,1,4,20,0
MVNO-00503,7,25,40.44,7.89,162,101,42,33.89,69,17,0,5,0,3,6,0
MVNO-00504,5,18,46.88,49.85,111,55,22,107.23,62,22,5,6,0,5,4,0
MVNO-00505,39,19,30.52,19.27,127,187,22,89.57,20,15,4,0,0,4,11,0
MVNO-00506,12,25,35.66,32.61,0,73,28,75.08,33,16,6,0,0,4,7,0
MVNO-00507,34,18,35.82,48.41,6,169,68,107.34,38,6,8,6,0,3,20,1
MVNO-00508,6,28,49.64,3.35,7,78,79,27.78,18,5,1,1,0,3,9,0
MVNO-00509,12,3,17.41,46.18,31,88,2,86.66,20,10,8,2,0,2,0,0
MVNO-00510,12,10,8.56,28.61,198,120,126,37.75,17,21,8,0,1,3,2,0
MVNO-00511,12,3,26.2,35.37,126,52,101,27.66,71,13,5,4,1,5,1,0
MVNO-00512,30,2,26.9,7.88,156,43,10,63.89,53,8,4,5,1,2,8,0
MVNO-00513,41,14,9.31,26.9,59,75,126,55.68,60,19,1,5,1,1,6,0
MVNO-00514,40,6,30.85,33.84,187,160,4,113.82,58,21,1,4,1,3,17,0
MVNO-00515,33,12,1.2,23.08,39,28,84,49.02,69,22,0,4,1,4,18,0
MVNO-00516,9,13,46.42,8.17,180,87,69,100.56,8,7,5,3,0,5,2,0
MVNO-00517,43,18,13.6,12.58,6,134,75,93.63,63,17,3,3,1,3,19,0
MVNO-00518,24,28,2.46,42.79,4,141,143,85.13,5,14,1,3,0,4,12,0
MVNO-00519,24,25,5.86,2.21,15,86,139,111.64,34,11,1,6,1,2,6,0
MVNO-00520,31,11,12.39,35.59,158,16,41,57.83,43,9,0,1,0,3,8,0
MVNO-00521,34,9,14.06,49.97,51,3,86,55.92,26,2,5,3,0,3,9,0
MVNO-00522,42,23,2.12,0.87,90,93,143,31.9,11,6,6,4,1,2,3,1
MVNO-00523,26,3,14.33,8.47,94,162,109,43.96,14,13,5,3,0,4,18,1
MVNO-00524,27,16,10.05,33.87,157,5,133,107.38,59,22,0,0,0,5,0,0
MVNO-00525,33,12,19.24,3.47,69,177,65,64.81,23,21,0,2,1,2,1,0
MVNO-00526,11,5,19.57,29.69,1,135,42,50.84,23,4,0,4,0,1,5,0
MVNO-00527,13,18,17.28,34.36,77,1,76,37.69,66,16,6,4,0,5,3,0
MVNO-00528,28,9,16.73,29.61,57,68,122,65.92,11,2,6,5,1,5,1,1
MVNO-00529,2,5,4.94,18.58,146,44,139,90.25,65,16,2,6,1,5,8,0
MVNO-00530,14,19,1.75,35.02,150,189,102,45.1,66,8,0,4,0,2,7,0
MVNO-00531,32,5,10.5,29.92,18,110,105,94.56,43,11,2,4,0,4,2,0
MVNO-00532,43,20,37.95,10.78,158,64,76,81.13,12,17,7,2,1,4,17,1
MVNO-00533,23,4,49.55,28.38,14,55,47,97.69,12,10,1,2,0,4,18,0
MVNO-00534,17,13,46.46,44.15,123,112,63,41.35,21,20,7,5,0,5,15,0
MVNO-00535,19,24,25.46,33.51,77,1,74,81.26,41,13,4,3,0,5,10,0
MVNO-00536,30,6,26.83,23.85,60,51,122,31.14,11,24,1,5,1,3,19,0
MVNO-00537,24,23,16.07,16.42,96,33,83,53.2,33,15,8,0,0,1,7,1
MVNO-00538,1,21,38.81,4.75,62,124,118,91.06,9,7,4,0,0,1,8,0
MVNO-00539,24,27,38.36,12.61,158,133,4,81.33,39,19,6,1,0,5,0,0
MVNO-00540,18,5,42.29,1.05,193,93,113,34.73,2,10,0,1,0,5,14,0
MVNO-00541,31,21,44.83,49.34,163,28,76,105.13,51,13,3,4,1,1,1,0
MVNO-00542,39,28,22.0,11.51,87,74,149,20.6,4,3,5,4,0,2,13,1
MVNO-00543,43,22,38.46,40.84,100,168,70,77.5,14,2,5,3,0,2,16,1
MVNO-00544,27,5,40.42,8.85,89,40,71,118.3,13,14,0,2,0,2,4,0
MVNO-00545,16,24,15.77,14.54,158,32,19,70.81,60,4,5,4,1,4,12,0
MVNO-00546,19,3,46.5,21.2,110,22,121,99.07,4,24,8,0,1,3,6,0
MVNO-00547,7,17,5.17,16.56,93,163,105,77.49,31,21,7,3,1,3,8,0
MVNO-00548,42,14,49.72,40.02,81,23,129,97.22,42,17,1,1,0,3,11,0
MVNO-00549,38,15,38.62,47.91,75,116,13,83.84,37,18,8,0,0,4,5,0
MVNO-00550,38,15,5.12,43.83,110,199,31,87.57,49,14,6,1,0,4,16,0
MVNO-00551,14,0,32.98,8.1,137,128,131,38.92,58,1,0,0,0,1,8,0
MVNO-00552,14,15,2.19,38.95,86,82,6,92.89,28,9,1,3,1,1,9,0
MVNO-00553,38,28,38.62,7.82,161,41,76,39.98,59,12,8,3,1,2,17,1
MVNO-00554,24,13,40.06,45.71,165,0,60,117.97,23,22,1,4,0,3,4,0
MVNO-00555,31,8,30.32,26.13,85,31,140,38.92,70,5,0,3,1,5,9,0
MVNO-00556,22,29,42.91,17.15,181,190,128,39.85,36,12,4,1,1,5,20,0
MVNO-00557,19,2,5.35,8.27,34,28,134,105.16,53,8,4,0,0,4,8,0
MVNO-00558,28,14,14.16,1.08,186,3,43,40.51,63,3,5,4,1,1,2,1
MVNO-00559,36,15,21.0,12.77,58,163,88,52.89,57,2,5,6,0,1,5,1
MVNO-00560,15,14,2.6,45.74,112,83,105,90.04,61,9,8,1,0,3,20,0
MVNO-00561,36,27,22.69,39.96,56,71,145,31.67,39,2,6,1,0,3,15,1
MVNO-00562,10,12,13.63,48.5,88,143,1,31.7,4,1,0,2,1,4,16,0
MVNO-00563,18,29,19.94,5.49,68,104,146,66.07,36,8,0,1,1,1,5,0
MVNO-00564,41,2,21.54,29.81,141,182,53,40.59,13,5,0,1,0,5,17,0
MVNO-00565,42,22,44.03,13.23,16,93,19,39.74,64,13,3,3,1,3,8,0
MVNO-00566,41,17,13.88,27.38,167,142,92,15.97,17,0,3,5,0,3,16,1
MVNO-00567,14,7,44.74,16.36,180,175,117,53.9,17,7,8,4,0,1,18,1
MVNO-00568,37,6,21.59,14.53,112,92,19,48.42,18,11,3,6,0,5,4,0
MVNO-00569,42,21,16.73,28.91,109,56,6,18.27,46,24,0,2,1,3,19,0
MVNO-00570,44,19,25.37,9.57,139,194,134,80.23,41,15,7,3,1,2,13,1
MVNO-00571,0,18,21.18,23.72,39,45,140,80.8,68,22,2,2,0,2,15,0
MVNO-00572,33,1,13.24,32.72,149,7,23,22.43,30,8,8,0,1,2,15,0
MVNO-00573,44,17,25.38,6.85,43,115,135,48.29,21,11,6,2,1,1,3,1
MVNO-00574,34,29,8.01,46.56,135,197,136,106.64,4,10,7,1,1,5,15,1
MVNO-00575,10,0,17.92,25.53,61,17,149,76.13,1,22,7,3,0,5,4,0
MVNO-00576,34,14,28.51,41.07,149,169,32,58.26,27,23,1,1,1,5,5,0
MVNO-00577,4,14,20.96,32.87,158,166,86,63.84,66,24,5,5,0,2,2,0
MVNO-00578,21,26,41.28,35.65,41,185,149,36.87,38,18,3,5,0,3,3,1
MVNO-00579,28,8,13.21,35.95,123,84,135,100.25,64,12,5,6,0,3,20,0
MVNO-00580,20,14,48.5,43.82,99,50,90,110.97,8,13,6,0,1,3,6,0
MVNO-00581,31,21,39.34,30.87,58,102,29,110.62,7,24,4,0,1,3,8,0
MVNO-00582,10,1,48.4,14.27,117,28,12,38.51,60,7,2,6,1,3,10,0
MVNO-00583,27,24,41.99,5.43,198,168,38,47.63,8,8,8,5,1,4,14,1
MVNO-00584,29,24,7.53,30.51,0,132,9,31.87,4,22,5,4,1,1,12,1
MVNO-00585,28,21,26.56,3.78,191,96,29,47.26,29,9,7,2,1,1,11,1
MVNO-00586,13,19,8.91,12.44,171,103,11,49.94,66,5,2,3,1,5,17,0
MVNO-00587,13,22,41.0,3.51,105,142,114,81.48,49,14,7,3,1,5,10,0
MVNO-00588,11,23,29.42,27.67,122,104,88,34.91,8,8,2,5,1,5,16,0
MVNO-00589,20,27,13.54,8.44,73,167,77,111.54,60,22,4,3,1,2,19,0
MVNO-00590,26,12,46.52,30.72,25,184,121,25.83,60,22,7,0,0,3,14,0
MVNO-00591,16,13,6.2,39.65,114,189,61,15.72,57,7,3,4,0,1,0,0
MVNO-00592,18,19,28.41,41.18,163,124,60,104.77,65,13,2,5,1,2,5,0
MVNO-00593,12,5,36.19,15.82,46,148,31,88.9,18,24,8,2,0,4,12,0
MVNO-00594,9,25,3.41,27.67,143,62,66,52.31,70,18,8,0,1,2,10,0
MVNO-00595,29,23,30.09,28.37,149,7,26,77.53,23,5,2,0,1,3,5,0
MVNO-00596,36,18,40.89,23.91,151,80,88,38.47,57,14,2,5,1,1,7,0
MVNO-00597,13,9,3.84,32.93,68,174,149,32.68,42,15,2,3,1,3,1,0
MVNO-00598,38,10,25.86,10.9,78,26,79,64.47,56,16,0,3,0,4,4,0
MVNO-00599,25,13,13.3,48.97,83,109,44,52.08,45,0,4,6,0,3,16,0
MVNO-00600,7,19,33.31,5.35,170,38,103,79.6,46,7,2,0,1,3,0,0
MVNO-00601,16,23,6.37,41.55,180,85,123,37.91,44,21,7,1,1,5,17,0
MVNO-00602,0,20,46.88,29.91,82,28,70,84.61,56,6,1,5,0,2,7,0
MVNO-00603,1,27,44.79,12.62,193,146,37,95.52,53,7,5,3,1,2,16,0
MVNO-00604,15,28,9.71,37.41,114,162,107,32.5,10,8,4,0,0,4,5,1
MVNO-00605,20,21,16.5,4.68,77,151,28,19.61,59,4,5,4,1,3,17,0
MVNO-00606,35,11,29.59,38.83,0,140,149,61.16,39,3,1,0,1,5,12,0
MVNO-00607,6,17,36.04,29.7,122,47,47,96.27,23,8,4,5,1,1,17,0
MVNO-00608,37,12,22.41,5.98,128,106,52,83.33,37,21,5,5,0,1,1,1
MVNO-00609,10,18,8.24,4.44,193,20,109,88.7,69,0,3,5,0,2,16,0
MVNO-00610,6,24,5.66,37.67,143,74,1,57.3,61,7,7,3,1,3,5,0
MVNO-00611,31,11,49.99,15.0,5,101,30,39.67,60,1,4,1,1,5,7,0
MVNO-00612,34,15,23.04,44.52,113,133,18,70.84,33,14,3,6,0,3,0,1
MVNO-00613,27,1,43.69,38.22,148,19,58,36.46,56,6,0,3,0,3,20,0
MVNO-00614,5,22,24.38,35.06,99,162,83,91.25,28,19,1,4,1,1,13,0
MVNO-00615,5,14,46.16,14.29,85,91,26,35.68,49,14,4,0,0,3,20,0
MVNO-00616,17,13,4.84,35.59,161,176,51,45.58,46,19,3,4,1,3,11,0
MVNO-00617,20,15,6.14,47.43,122,105,115,68.19,18,15,7,4,0,3,3,1
MVNO-00618,44,6,46.52,5.03,136,109,140,66.1,19,10,7,2,0,4,7,0
MVNO-00619,12,17,47.4,16.65,92,138,2,78.09,5,21,1,5,0,3,9,0
MVNO-00620,8,22,16.08,12.12,55,163,94,60.93,10,11,5,0,1,1,3,0
MVNO-00621,42,10,18.08,19.97,103,31,3,111.54,31,23,4,5,1,1,19,0
MVNO-00622,6,3,22.9,37.25,191,102,78,103.19,34,24,0,6,0,1,20,0
MVNO-00623,1,11,21.1,23.98,120,5,131,107.31,12,14,5,3,0,4,11,0
MVNO-00624,19,5,9.91,28.75,141,94,119,81.1,30,16,4,0,1,5,12,0
MVNO-00625,18,11,44.97,16.05,24,162,34,81.68,43,6,0,3,0,5,14,0
MVNO-00626,27,18,13.04,7.49,197,173,38,78.97,17,20,4,3,1,2,14,0
MVNO-00627,39,3,35.41,13.71,48,56,117,60.66,25,16,6,3,1,1,1,0
MVNO-00628,41,22,3.82,43.05,194,77,122,48.82,27,22,2,1,0,4,11,0
MVNO-00629,13,6,2.42,30.32,89,110,42,77.16,36,6,3,4,0,1,16,0
MVNO-00630,44,26,32.86,19.21,183,79,0,17.68,27,19,0,1,1,4,16,0
MVNO-00631,28,21,17.28,39.6,178,35,66,15.78,53,11,1,3,0,2,12,0
MVNO-00632,3,8,32.95,3.69,151,60,92,104.42,24,4,8,4,1,5,18,0
MVNO-00633,42,16,5.15,13.07,183,80,66,19.87,31,4,5,4,0,4,12,1
MVNO-00634,6,3,47.52,11.89,121,103,140,70.1,27,14,1,5,1,4,8,0
MVNO-00635,26,2,37.55,49.28,169,184,122,79.57,13,7,4,6,0,3,9,0
MVNO-00636,35,28,43.88,35.45,34,108,118,35.81,49,2,1,5,1,5,14,0
MVNO-00637,11,24,7.26,31.08,14,77,3,109.05,17,10,3,5,1,3,18,0
MVNO-00638,12,4,16.35,0.75,108,132,128,34.96,22,16,1,6,0,4,4,0
MVNO-00639,21,8,18.73,9.62,161,154,113,107.87,57,7,5,1,1,2,6,0
MVNO-00640,39,5,27.09,31.96,153,86,59,95.11,68,23,5,2,1,3,13,0
MVNO-00641,10,11,15.19,19.3,105,97,88,40.28,48,19,5,3,1,5,16,0
MVNO-00642,29,8,3.5,46.25,104,43,123,30.83,66,12,3,3,0,2,8,0
MVNO-00643,20,9,18.76,38.35,121,172,135,48.2,61,23,2,4,0,1,13,0
MVNO-00644,5,15,13.1,22.65,173,173,82,56.78,35,10,2,0,0,2,0,0
MVNO-00645,31,5,19.6,37.6,168,34,6,40.81,55,3,1,0,1,2,6,0
MVNO-00646,37,26,10.25,48.78,21,69,92,119.88,24,0,3,5,1,3,20,1
MVNO-00647,25,21,13.46,23.32,119,54,102,39.11,33,23,4,5,0,1,12,1
MVNO-00648,7,22,31.53,32.31,76,184,8,102.22,39,23,6,2,0,1,18,0
MVNO-00649,7,5,19.71,45.97,159,13,122,31.71,69,18,0,2,1,2,4,0
MVNO-00650,19,21,17.6,12.81,101,41,30,117.93,61,2,2,3,1,3,6,0
MVNO-00651,22,25,26.93,44.38,198,62,133,38.68,35,7,7,3,0,1,20,1
MVNO-00652,24,5,38.71,5.33,86,112,82,59.28,47,1,8,1,0,2,20,0
MVNO-00653,10,22,19.25,32.6,135,49,48,73.65,15,1,8,3,1,2,18,0
MVNO-00654,22,10,29.58,39.25,21,107,8,27.63,58,6,2,5,1,1,6,0
MVNO-00655,13,23,48.33,30.92,186,149,2,100.77,40,14,1,5,1,2,16,0
MVNO-00656,30,14,26.34,25.03,30,165,111,43.84,38,1,1,5,1,2,9,0
MVNO-00657,35,24,45.53,31.06,75,19,56,72.67,55,24,1,4,0,1,17,0
MVNO-00658,29,4,39.79,8.01,167,27,126,72.71,45,11,8,6,0,4,17,0
MVNO-00659,0,11,3.41,11.17,193,19,34,78.28,6,6,7,1,0,1,9,0
MVNO-00660,44,8,21.74,13.86,96,181,138,20.83,21,12,7,0,0,3,6,1
MVNO-00661,1,7,35.07,30.09,96,130,141,32.7,13,19,6,0,0,4,20,0
MVNO-00662,44,9,49.34,22.37,9,106,15,31.93,53,7,3,6,0,5,9,0
MVNO-00663,1,11,23.19,12.6,195,158,97,46.72,3,1,4,4,0,3,9,0
MVNO-00664,23,3,5.09,44.2,3,117,140,30.22,15,1,7,1,1,3,13,0
MVNO-00665,4,21,28.32,19.01,5,47,48,111.8,43,21,7,5,0,4,19,0
MVNO-00666,4,16,6.76,22.58,94,102,10,68.86,50,2,4,2,1,5,2,0
MVNO-00667,30,24,37.7,20.78,0,140,131,80.48,36,15,7,4,0,2,20,1
MVNO-00668,32,21,25.63,9.51,32,7,71,52.54,62,9,3,1,0,4,8,0
MVNO-00669,5,4,36.31,36.72,125,121,4,44.01,66,19,3,0,1,3,0,0
MVNO-00670,43,2,43.53,22.7,141,99,126,67.83,10,1,7,1,1,1,6,1
MVNO-00671,14,12,31.63,1.3,59,13,101,45.9,68,22,3,1,1,4,9,0
MVNO-00672,14,14,30.82,48.22,159,52,10,51.08,44,17,6,3,0,5,14,0
MVNO-00673,13,7,37.85,40.88,121,89,38,62.54,46,11,4,0,0,1,11,0
MVNO-00674,20,23,42.2,36.32,45,68,2,68.1,7,5,2,1,0,1,2,0
MVNO-00675,8,17,43.52,43.52,142,58,143,118.35,45,24,1,3,1,5,10,0
MVNO-00676,19,22,2.3,45.39,118,129,3,38.45,52,7,5,2,0,3,4,0
MVNO-00677,9,3,28.03,17.21,162,80,119,66.24,42,12,4,4,0,2,5,0
MVNO-00678,2,24,11.21,30.74,30,99,76,30.7,6,9,3,4,0,4,14,0
MVNO-00679,16,6,43.09,30.64,46,159,87,51.75,38,5,6,6,1,2,16,0
MVNO-00680,30,13,32.6,13.73,60,18,121,90.32,67,10,0,5,1,2,3,0
MVNO-00681,34,13,21.3,11.49,68,71,134,33.32,52,3,0,1,1,2,12,0
MVNO-00682,15,24,9.81,6.14,177,14,19,76.04,10,0,8,4,1,3,8,1
MVNO-00683,14,8,17.28,33.14,146,185,2,58.75,69,7,5,4,1,1,7,0
MVNO-00684,35,7,35.34,39.16,108,37,18,20.42,69,2,4,4,1,2,14,1
MVNO-00685,30,10,10.62,38.17,108,163,102,112.97,13,10,0,5,0,2,5,0
MVNO-00686,37,10,5.13,16.16,177,38,85,58.43,57,21,5,1,1,1,16,0
MVNO-00687,40,5,44.46,10.66,89,64,12,97.31,29,4,3,2,0,4,8,0
MVNO-00688,36,5,38.33,22.95,45,121,35,58.71,43,0,5,5,0,1,1,1
MVNO-00689,42,6,10.39,27.57,27,166,80,113.42,32,2,0,6,0,5,16,0
MVNO-00690,18,14,14.97,45.99,66,35,109,45.5,56,12,4,0,0,1,17,0
MVNO-00691,17,10,48.62,43.8,130,42,51,58.28,71,6,5,3,1,2,11,0
MVNO-00692,14,11,35.56,45.84,94,176,142,94.68,57,12,2,1,1,1,15,0
MVNO-00693,10,21,30.72,42.59,84,64,148,51.09,67,0,0,1,1,2,3,0
MVNO-00694,33,7,15.73,48.25,96,41,114,53.26,68,8,8,0,1,4,7,0
MVNO-00695,32,27,15.31,23.54,194,148,68,119.46,7,10,6,3,0,1,7,1
MVNO-00696,36,22,2.46,2.85,199,18,131,73.34,18,10,5,4,1,3,16,1
MVNO-00697,7,5,36.56,4.64,32,173,109,87.38,52,13,6,3,1,4,7,0
MVNO-00698,22,9,2.64,19.82,22,175,77,82.56,42,19,6,2,0,3,15,0
MVNO-00699,9,5,0.74,13.26,48,171,66,101.93,4,11,1,5,1,1,6,0
MVNO-00700,40,8,36.61,8.91,170,59,124,105.49,7,21,4,4,1,4,12,0
MVNO-00701,12,10,47.47,47.68,91,22,83,74.14,37,13,7,6,1,1,4,0
MVNO-00702,6,3,37.95,10.17,172,85,27,45.93,44,6,2,2,1,1,11,0
MVNO-00703,25,0,23.85,47.99,129,66,149,17.39,12,5,8,1,1,3,1,1
MVNO-00704,39,13,24.56,38.16,110,191,10,79.51,13,8,0,3,1,2,15,0
MVNO-00705,41,21,22.09,32.23,56,126,104,101.67,10,14,2,3,0,1,0,1
MVNO-00706,4,9,16.57,33.96,68,188,98,62.31,41,6,3,3,1,4,20,0
MVNO-00707,14,25,26.32,16.91,29,150,87,32.29,1,22,5,5,0,3,17,1
MVNO-00708,6,11,21.84,32.5,103,142,7,45.25,41,11,1,0,0,5,12,0
MVNO-00709,13,27,30.11,9.74,56,22,73,68.55,34,21,2,3,1,3,19,0
MVNO-00710,24,7,44.96,46.92,58,13,133,102.85,34,17,5,3,0,3,16,0
MVNO-00711,12,16,49.75,15.44,7,9,35,33.03,49,8,2,1,1,5,2,0
MVNO-00712,3,22,4.4,13.13,159,118,103,79.28,38,5,7,4,0,1,15,1
MVNO-00713,22,1,19.54,35.7,187,40,128,94.1,52,18,7,5,0,2,7,0
MVNO-00714,2,27,9.44,32.99,99,197,142,113.28,55,8,2,3,0,4,17,0
MVNO-00715,10,10,17.93,22.84,107,26,77,27.25,66,6,5,0,0,2,18,0
MVNO-00716,0,14,14.73,31.81,185,189,47,112.27,57,23,2,0,1,5,20,0
MVNO-00717,3,18,9.14,8.39,102,133,104,78.15,37,12,3,2,0,2,9,0
MVNO-00718,19,19,38.32,33.83,124,21,72,95.5,35,1,6,4,1,3,4,0
MVNO-00719,38,0,25.07,13.9,85,11,94,20.65,17,12,2,2,1,5,2,0
MVNO-00720,34,26,46.0,14.01,102,79,111,68.15,43,11,1,2,0,2,3,0
MVNO-00721,4,18,2.11,8.53,104,67,106,80.38,10,21,2,6,1,5,20,0
MVNO-00722,1,29,3.82,16.95,142,63,36,47.22,67,17,8,0,0,1,12,0
MVNO-00723,15,14,20.46,16.9,120,105,113,60.32,60,4,2,0,0,2,7,0
MVNO-00724,29,18,4.47,22.98,100,25,81,73.2,9,3,3,1,1,3,9,1
MVNO-00725,33,13,13.51,9.93,15,25,139,73.02,56,15,5,6,1,3,3,0
MVNO-00726,37,26,49.31,10.05,180,138,98,19.4,9,1,0,3,1,5,11,0
MVNO-00727,15,24,10.84,27.32,177,198,133,61.15,52,7,2,1,0,5,8,0
MVNO-00728,7,27,10.31,6.88,36,54,146,37.45,7,3,1,2,0,4,16,0
MVNO-00729,1,15,28.9,34.6,58,186,149,111.25,35,0,8,6,1,4,0,0
MVNO-00730,6,23,25.15,47.23,194,68,111,117.54,47,22,8,4,1,2,19,0
MVNO-00731,2,10,29.23,21.63,64,67,89,46.46,52,2,6,1,1,5,1,0
MVNO-00732,38,13,19.15,45.1,162,18,17,33.39,30,0,2,1,0,4,8,0
MVNO-00733,12,22,41.42,5.37,157,84,57,38.05,66,23,5,0,1,1,7,0
MVNO-00734,37,2,7.36,2.63,172,99,71,65.16,55,4,5,5,0,5,15,0
MVNO-00735,24,21,21.71,36.21,3,132,117,106.82,15,20,7,0,0,2,13,0
MVNO-00736,24,0,34.64,38.17,96,31,88,67.5,48,0,1,2,0,3,4,0
MVNO-00737,20,17,43.48,42.23,113,37,65,20.82,52,3,6,2,0,3,10,0
MVNO-00738,36,14,18.79,3.31,167,86,21,19.19,24,2,1,4,1,5,11,0
MVNO-00739,1,14,28.6,38.96,44,13,107,38.88,53,17,5,4,0,2,9,0
MVNO-00740,4,14,3.92,19.14,61,28,64,103.49,64,15,7,5,1,2,0,0
MVNO-00741,19,14,8.93,15.52,35,125,5,80.26,59,11,0,2,0,1,3,0
MVNO-00742,17,12,3.92,9.06,152,190,42,74.11,55,6,1,2,1,2,10,0
MVNO-00743,24,13,36.53,49.8,199,114,131,48.49,46,2,7,2,0,1,5,1
MVNO-00744,33,17,14.76,3.65,28,28,17,112.59,20,14,0,0,0,3,11,0
MVNO-00745,26,22,36.33,41.44,46,198,60,49.77,57,5,6,5,0,5,3,0
MVNO-00746,11,16,3.79,32.15,61,104,76,102.67,26,14,4,3,1,3,15,0
MVNO-00747,14,19,43.2,36.89,177,143,12,109.07,38,17,3,3,0,5,3,0
MVNO-00748,33,25,41.86,35.73,89,39,24,65.75,23,21,7,6,1,5,13,1
MVNO-00749,9,29,4.9,42.99,56,115,141,108.9,23,12,7,1,1,1,17,0
MVNO-00750,22,3,1.68,9.6,64,15,88,44.06,12,0,2,6,0,3,7,0
MVNO-00751,24,21,3.29,0.54,119,125,31,84.14,69,7,0,4,1,3,2,0
MVNO-00752,33,6,42.75,30.13,77,40,25,24.24,11,21,1,1,0,2,0,0
MVNO-00753,32,5,12.12,18.02,28,181,63,64.76,7,13,0,4,0,5,7,0
MVNO-00754,20,23,27.64,6.63,164,10,108,37.82,67,15,8,5,0,2,2,1
MVNO-00755,13,2,21.6,9.71,84,130,109,21.59,40,11,5,2,1,1,18,0
MVNO-00756,16,25,39.88,16.92,51,27,29,15.39,32,4,6,2,1,3,20,1
MVNO-00757,18,23,24.7,3.98,145,137,108,49.1,53,22,2,5,0,2,20,0
MVNO-00758,9,29,25.28,3.32,149,98,134,76.9,28,19,7,1,0,2,19,0
MVNO-00759,28,20,49.46,45.84,31,193,33,62.8,10,24,6,0,1,3,12,0
MVNO-00760,9,26,7.93,15.95,14,130,3,46.69,52,21,6,4,0,4,6,0
MVNO-00761,29,3,41.62,49.12,9,74,143,119.08,13,7,4,6,1,2,9,0
MVNO-00762,33,26,3.06,48.24,153,17,78,113.65,40,6,6,3,1,2,5,0
MVNO-00763,43,4,24.14,7.56,125,119,116,28.19,68,6,4,0,0,1,17,1
MVNO-00764,5,9,44.37,35.89,158,88,48,58.59,67,22,3,3,1,2,9,0
MVNO-00765,34,3,33.43,30.24,125,10,44,83.13,26,13,5,1,0,3,8,0
MVNO-00766,3,12,34.42,34.69,80,116,33,92.02,56,11,2,5,1,4,14,0
MVNO-00767,15,22,13.53,5.26,117,41,32,53.47,44,24,8,4,0,2,7,0
MVNO-00768,7,8,21.22,9.83,144,46,70,93.36,35,15,6,2,1,1,7,0
MVNO-00769,7,24,18.65,4.29,79,1,15,28.04,10,22,6,4,1,3,4,0
MVNO-00770,7,18,26.31,30.4,183,74,126,49.84,27,24,6,4,0,4,1,0
MVNO-00771,1,18,23.38,49.34,179,43,76,90.23,47,1,4,4,0,1,0,0
MVNO-00772,37,28,16.68,33.76,160,14,137,80.7,71,9,8,2,1,3,8,1
MVNO-00773,2,12,15.62,35.68,198,86,75,102.91,1,18,1,3,1,1,20,0
MVNO-00774,17,10,12.92,49.24,78,44,45,19.92,51,20,5,0,0,3,5,0
MVNO-00775,31,29,18.57,34.06,22,26,77,33.31,61,3,0,2,0,4,13,0
MVNO-00776,44,16,7.92,2.49,96,93,23,20.09,68,7,2,2,0,4,6,1
MVNO-00777,38,18,43.67,43.42,149,12,123,35.17,31,13,5,3,1,4,6,0
MVNO-00778,6,8,30.3,18.55,155,198,108,15.45,9,19,4,6,1,4,3,0
MVNO-00779,44,6,7.12,0.72,77,94,22,67.94,20,2,8,6,0,2,11,1
MVNO-00780,29,5,34.85,25.61,58,199,87,70.47,61,15,5,3,0,5,13,0
MVNO-00781,8,6,42.46,46.88,89,176,80,84.08,63,7,3,4,0,2,7,0
MVNO-00782,20,5,12.26,13.24,160,195,30,55.42,46,5,3,0,0,2,11,0
MVNO-00783,41,22,7.95,24.83,12,108,18,15.34,9,12,5,3,1,4,9,1
MVNO-00784,17,1,0.93,9.1,65,84,114,85.76,9,10,7,4,1,2,5,0
MVNO-00785,8,18,2.84,3.36,45,143,39,20.7,34,15,2,4,1,1,14,0
MVNO-00786,39,28,38.23,4.49,161,16,77,105.95,42,7,5,6,0,4,11,1
MVNO-00787,42,22,49.37,36.49,93,168,37,17.38,3,20,5,3,0,4,1,1
MVNO-00788,43,12,2.72,43.27,17,64,98,70.7,49,1,0,6,0,3,10,0
MVNO-00789,43,1,37.53,7.59,52,1,7,108.97,39,21,8,6,0,1,8,0
MVNO-00790,39,25,4.06,14.77,8,47,53,75.11,1,0,5,4,1,4,16,1
MVNO-00791,20,0,29.81,10.15,95,48,82,78.88,7,18,2,0,0,1,6,0
MVNO-00792,8,20,37.93,1.83,199,2,65,86.57,33,8,5,2,1,3,20,0
MVNO-00793,27,20,18.28,27.89,113,133,91,27.85,52,9,6,5,0,3,12,0
MVNO-00794,9,5,1.04,35.15,173,19,27,85.87,59,0,8,4,1,4,2,0
MVNO-00795,21,22,29.96,32.57,148,169,66,107.44,31,17,0,6,0,5,8,0
MVNO-00796,29,5,49.57,19.71,176,90,113,117.29,21,4,3,5,0,1,18,0
MVNO-00797,42,6,13.25,27.97,62,143,50,61.52,69,16,1,0,0,1,5,0
MVNO-00798,13,24,9.88,5.16,190,67,23,51.17,33,18,5,6,1,3,14,0
MVNO-00799,11,29,6.63,8.14,47,26,127,94.1,23,21,4,2,1,5,16,0
MVNO-00800,33,7,27.99,46.62,87,36,116,72.0,32,17,4,5,1,1,14,0
